Date,AUDCAD,AUDCHF,AUDJPY,AUDNZD,AUDSEK,AUDUSD,CADCHF,CADJPY,CADSEK,CHFJPY,CHFSEK,EURAUD,EURCAD,EURCHF,EURGBP,EURJPY,EURNZD,EURSEK,EURUSD,GBPAUD,GBPCAD,GBPCHF,GBPJPY,GBPNZD,GBPSEK,GBPUSD,JPYSEK,NZDCAD,NZDCHF,NZDJPY,NZDSEK,NZDUSD,USDCAD,USDCHF,USDJPY,USDSEK
01-25-2021,Neutral,Neutral,Neutral,Sell,Neutral,Neutral,Neutral,Neutral,Neutral,Neutral,Neutral,Neutral,Neutral,Neutral,Neutral,Neutral,Buy,Neutral,Neutral,Neutral,Neutral,Neutral,Neutral,Neutral,Neutral,Neutral,Neutral,Neutral,Neutral,Neutral,Neutral,Neutral,Neutral,Neutral,Neutral,Neutral
01-22-2021,Neutral,Neutral,Neutral,Sell,Neutral,Neutral,Neutral,Neutral,Neutral,Neutral,Neutral,Neutral,Buy,Neutral,Neutral,Neutral,Neutral,Neutral,Neutral,Neutral,Neutral,Neutral,Neutral,Neutral,Neutral,Neutral,Neutral,Neutral,Neutral,Neutral,Neutral,Neutral,Neutral,Neutral,Neutral,Neutral
01-21-2021,Neutral,Neutral,Neutral,Neutral,Neutral,Neutral,Neutral,Neutral,Neutral,Neutral,Neutral,Buy,Buy,Neutral,Buy,Neutral,Neutral,Neutral,Sell,Neutral,Neutral,Neutral,Neutral,Sell,Neutral,Neutral,Neutral,Neutral,Neutral,Neutral,Neutral,Neutral,Neutral,Neutral,Neutral,Neutral
01-20-2021,Neutral,Neutral,Neutral,Sell,Neutral,Neutral,Neutral,Neutral,Neutral,Neutral,Neutral,Buy,Buy,Neutral,Buy,Neutral,Buy,Neutral,Neutral,Neutral,Neutral,Neutral,Neutral,Sell,Neutral,Neutral,Neutral,Neutral,Neutral,Neutral,Neutral,Neutral,Neutral,Neutral,Neutral,Neutral
01-19-2021,Neutral,Neutral,Neutral,Sell,Neutral,Neutral,Neutral,Neutral,Neutral,Neutral,Neutral,Neutral,Neutral,Neutral,Buy,Buy,Buy,Neutral,Neutral,Neutral,Neutral,Neutral,Neutral,Buy,Neutral,Neutral,Neutral,Neutral,Neutral,Neutral,Neutral,Neutral,Neutral,Neutral,Neutral,Neutral
01-18-2021,Neutral,Sell,Neutral,Sell,Neutral,Neutral,Neutral,Neutral,Neutral,Neutral,Neutral,Buy,Buy,Neutral,Buy,Neutral,Neutral,Neutral,Neutral,Neutral,Neutral,Neutral,Neutral,Sell,Neutral,Neutral,Neutral,Neutral,Neutral,Neutral,Neutral,Neutral,Buy,Neutral,Neutral,Neutral
01-15-2021,Neutral,Neutral,Neutral,Neutral,Neutral,Neutral,Neutral,Neutral,Neutral,Neutral,Neutral,Buy,Neutral,Neutral,Neutral,Neutral,Buy,Neutral,Buy,Neutral,Neutral,Neutral,Neutral,Neutral,Neutral,Neutral,Neutral,Neutral,Neutral,Neutral,Neutral,Neutral,Neutral,Neutral,Neutral,Neutral
01-14-2021,Sell,Neutral,Neutral,Neutral,Neutral,Neutral,Neutral,Sell,Neutral,Neutral,Neutral,Neutral,Neutral,Neutral,Neutral,Neutral,Neutral,Neutral,Buy,Neutral,Neutral,Neutral,Neutral,Neutral,Neutral,Neutral,Neutral,Neutral,Neutral,Neutral,Neutral,Neutral,Neutral,Neutral,Neutral,Neutral
01-13-2021,Neutral,Sell,Neutral,Neutral,Neutral,Neutral,Sell,Sell,Neutral,Neutral,Neutral,Buy,Neutral,Neutral,Neutral,Neutral,Neutral,Neutral,Neutral,Neutral,Neutral,Neutral,Neutral,Neutral,Neutral,Neutral,Neutral,Neutral,Neutral,Neutral,Neutral,Neutral,Neutral,Neutral,Neutral,Neutral
01-12-2021,Neutral,Sell,Neutral,Neutral,Neutral,Neutral,Sell,Sell,Neutral,Neutral,Neutral,Buy,Neutral,Neutral,Neutral,Neutral,Buy,Neutral,Neutral,Neutral,Neutral,Neutral,Neutral,Neutral,Neutral,Neutral,Neutral,Neutral,Neutral,Neutral,Neutral,Neutral,Neutral,Neutral,Neutral,Neutral
01-11-2021,Neutral,Sell,Neutral,Neutral,Neutral,Neutral,Sell,Sell,Neutral,Neutral,Neutral,Neutral,Neutral,Neutral,Neutral,Neutral,Buy,Neutral,Sell,Neutral,Neutral,Neutral,Neutral,Neutral,Neutral,Neutral,Neutral,Neutral,Sell,Neutral,Neutral,Neutral,Neutral,Neutral,Neutral,Neutral
01-08-2021,Sell,Neutral,Neutral,Neutral,Neutral,Neutral,Sell,Neutral,Neutral,Neutral,Neutral,Neutral,Neutral,Neutral,Neutral,Neutral,Neutral,Neutral,Neutral,Neutral,Neutral,Neutral,Neutral,Neutral,Neutral,Neutral,Buy,Neutral,Sell,Neutral,Neutral,Sell,Neutral,Buy,Neutral,Neutral
01-07-2021,Sell,Neutral,Neutral,Neutral,Neutral,Neutral,Neutral,Neutral,Neutral,Neutral,Neutral,Buy,Neutral,Neutral,Neutral,Neutral,Neutral,Neutral,Neutral,Neutral,Neutral,Neutral,Neutral,Neutral,Neutral,Neutral,Buy,Sell,Neutral,Neutral,Neutral,Sell,Buy,Buy,Neutral,Neutral
01-06-2021,Neutral,Neutral,Sell,Neutral,Neutral,Neutral,Neutral,Neutral,Neutral,Neutral,Neutral,Neutral,Neutral,Neutral,Neutral,Neutral,Neutral,Neutral,Sell,Neutral,Neutral,Neutral,Neutral,Neutral,Neutral,Neutral,Neutral,Neutral,Sell,Neutral,Neutral,Sell,Neutral,Neutral,Neutral,Neutral
01-05-2021,Neutral,Neutral,Neutral,Neutral,Neutral,Sell,Neutral,Neutral,Neutral,Neutral,Neutral,Neutral,Neutral,Neutral,Neutral,Buy,Neutral,Neutral,Neutral,Neutral,Neutral,Neutral,Neutral,Neutral,Neutral,Neutral,Neutral,Neutral,Neutral,Neutral,Neutral,Sell,Buy,Neutral,Buy,Neutral
01-04-2021,Sell,Neutral,Neutral,Neutral,Neutral,Neutral,Neutral,Neutral,Buy,Neutral,Neutral,Neutral,Neutral,Neutral,Neutral,Neutral,Neutral,Neutral,Sell,Neutral,Neutral,Neutral,Neutral,Neutral,Neutral,Neutral,Neutral,Neutral,Neutral,Neutral,Neutral,Sell,Neutral,Neutral,Buy,Neutral
01-01-2021,Neutral,Neutral,Neutral,Neutral,Neutral,Neutral,Neutral,Neutral,Buy,Neutral,Buy,Neutral,Neutral,Neutral,Neutral,Neutral,Neutral,Buy,Neutral,Neutral,Sell,Neutral,Sell,Neutral,Neutral,Neutral,Neutral,Neutral,Neutral,Neutral,Neutral,Sell,Neutral,Buy,Neutral,Neutral
12-31-2020,Neutral,Neutral,Neutral,Neutral,Neutral,Neutral,Neutral,Neutral,Buy,Neutral,Buy,Neutral,Neutral,Neutral,Neutral,Neutral,Neutral,Buy,Neutral,Neutral,Neutral,Neutral,Neutral,Neutral,Neutral,Neutral,Neutral,Neutral,Neutral,Neutral,Neutral,Neutral,Neutral,Buy,Buy,Neutral
12-30-2020,Neutral,Neutral,Neutral,Neutral,Neutral,Neutral,Neutral,Neutral,Buy,Neutral,Neutral,Neutral,Neutral,Sell,Neutral,Neutral,Neutral,Neutral,Neutral,Neutral,Neutral,Neutral,Neutral,Neutral,Neutral,Neutral,Neutral,Neutral,Neutral,Neutral,Neutral,Neutral,Neutral,Neutral,Neutral,Neutral
12-29-2020,Neutral,Neutral,Neutral,Neutral,Neutral,Neutral,Neutral,Neutral,Buy,Neutral,Buy,Neutral,Neutral,Neutral,Neutral,Neutral,Neutral,Buy,Neutral,Neutral,Neutral,Neutral,Neutral,Neutral,Neutral,Neutral,Neutral,Neutral,Neutral,Neutral,Neutral,Neutral,Neutral,Neutral,Neutral,Neutral
12-28-2020,Neutral,Neutral,Neutral,Neutral,Neutral,Neutral,Neutral,Neutral,Buy,Neutral,Buy,Neutral,Neutral,Neutral,Neutral,Neutral,Neutral,Buy,Neutral,Neutral,Neutral,Neutral,Neutral,Neutral,Neutral,Neutral,Neutral,Neutral,Neutral,Neutral,Neutral,Neutral,Neutral,Neutral,Neutral,Neutral
12-25-2020,Neutral,Neutral,Neutral,Neutral,Neutral,Neutral,Neutral,Neutral,Neutral,Neutral,Neutral,Neutral,Neutral,Neutral,Neutral,Neutral,Neutral,Neutral,Neutral,Neutral,Neutral,Neutral,Neutral,Neutral,Neutral,Neutral,Neutral,Neutral,Neutral,Neutral,Neutral,Neutral,Neutral,Neutral,Neutral,Neutral
12-24-2020,Neutral,Neutral,Neutral,Neutral,Neutral,Neutral,Neutral,Neutral,Neutral,Neutral,Neutral,Buy,Neutral,Sell,Neutral,Neutral,Neutral,Buy,Neutral,Neutral,Neutral,Neutral,Neutral,Neutral,Buy,Neutral,Neutral,Neutral,Neutral,Neutral,Neutral,Neutral,Neutral,Neutral,Neutral,Neutral
12-23-2020,Neutral,Neutral,Neutral,Neutral,Neutral,Neutral,Neutral,Neutral,Neutral,Neutral,Neutral,Neutral,Sell,Neutral,Neutral,Neutral,Neutral,Neutral,Neutral,Neutral,Neutral,Neutral,Neutral,Neutral,Neutral,Neutral,Neutral,Neutral,Neutral,Neutral,Neutral,Neutral,Neutral,Neutral,Neutral,Neutral
12-22-2020,Neutral,Neutral,Neutral,Neutral,Neutral,Neutral,Buy,Neutral,Neutral,Neutral,Neutral,Neutral,Neutral,Neutral,Neutral,Neutral,Neutral,Neutral,Neutral,Neutral,Neutral,Neutral,Neutral,Neutral,Neutral,Neutral,Neutral,Neutral,Neutral,Neutral,Neutral,Neutral,Neutral,Neutral,Neutral,Neutral
12-21-2020,Sell,Neutral,Neutral,Neutral,Neutral,Neutral,Buy,Neutral,Neutral,Neutral,Neutral,Neutral,Neutral,Neutral,Neutral,Neutral,Neutral,Neutral,Neutral,Neutral,Neutral,Neutral,Neutral,Neutral,Neutral,Neutral,Buy,Neutral,Neutral,Neutral,Buy,Neutral,Neutral,Neutral,Buy,Neutral
12-18-2020,Neutral,Neutral,Neutral,Neutral,Neutral,Neutral,Neutral,Neutral,Neutral,Neutral,Neutral,Neutral,Neutral,Sell,Neutral,Neutral,Neutral,Neutral,Neutral,Neutral,Neutral,Neutral,Neutral,Neutral,Neutral,Neutral,Buy,Neutral,Neutral,Neutral,Neutral,Neutral,Buy,Neutral,Neutral,Neutral
12-17-2020,Neutral,Neutral,Neutral,Neutral,Neutral,Neutral,Neutral,Neutral,Neutral,Neutral,Neutral,Neutral,Neutral,Neutral,Neutral,Neutral,Neutral,Neutral,Neutral,Neutral,Neutral,Neutral,Neutral,Neutral,Neutral,Neutral,Neutral,Neutral,Neutral,Neutral,Neutral,Neutral,Neutral,Neutral,Neutral,Neutral
12-16-2020,Neutral,Neutral,Neutral,Neutral,Neutral,Neutral,Neutral,Neutral,Neutral,Neutral,Neutral,Neutral,Neutral,Neutral,Neutral,Neutral,Neutral,Neutral,Neutral,Buy,Neutral,Neutral,Neutral,Neutral,Buy,Neutral,Neutral,Neutral,Neutral,Neutral,Neutral,Neutral,Neutral,Neutral,Neutral,Neutral
12-15-2020,Neutral,Neutral,Neutral,Neutral,Neutral,Neutral,Neutral,Neutral,Neutral,Sell,Neutral,Neutral,Neutral,Neutral,Neutral,Neutral,Neutral,Neutral,Neutral,Neutral,Neutral,Neutral,Neutral,Buy,Neutral,Neutral,Neutral,Neutral,Neutral,Neutral,Neutral,Neutral,Neutral,Neutral,Buy,Neutral
12-14-2020,Neutral,Neutral,Neutral,Neutral,Neutral,Neutral,Neutral,Neutral,Neutral,Sell,Neutral,Buy,Neutral,Neutral,Sell,Neutral,Neutral,Neutral,Neutral,Buy,Neutral,Neutral,Neutral,Buy,Neutral,Neutral,Neutral,Neutral,Neutral,Neutral,Neutral,Neutral,Neutral,Neutral,Neutral,Neutral
12-11-2020,Neutral,Neutral,Neutral,Neutral,Neutral,Neutral,Neutral,Neutral,Neutral,Sell,Neutral,Neutral,Neutral,Neutral,Neutral,Neutral,Neutral,Neutral,Neutral,Buy,Buy,Neutral,Neutral,Neutral,Neutral,Neutral,Neutral,Neutral,Neutral,Neutral,Neutral,Neutral,Neutral,Neutral,Neutral,Neutral
12-10-2020,Neutral,Neutral,Neutral,Neutral,Neutral,Neutral,Neutral,Neutral,Neutral,Sell,Neutral,Neutral,Neutral,Neutral,Neutral,Sell,Neutral,Neutral,Neutral,Neutral,Neutral,Neutral,Neutral,Buy,Neutral,Neutral,Neutral,Neutral,Neutral,Neutral,Neutral,Neutral,Neutral,Neutral,Neutral,Neutral
12-09-2020,Neutral,Neutral,Neutral,Neutral,Neutral,Neutral,Neutral,Neutral,Neutral,Neutral,Neutral,Neutral,Neutral,Neutral,Neutral,Neutral,Neutral,Neutral,Neutral,Buy,Neutral,Neutral,Neutral,Neutral,Neutral,Neutral,Neutral,Neutral,Neutral,Neutral,Neutral,Neutral,Neutral,Neutral,Neutral,Neutral
12-08-2020,Neutral,Neutral,Neutral,Neutral,Neutral,Neutral,Neutral,Neutral,Neutral,Sell,Neutral,Neutral,Neutral,Neutral,Sell,Neutral,Neutral,Neutral,Neutral,Neutral,Neutral,Neutral,Neutral,Neutral,Neutral,Neutral,Neutral,Neutral,Neutral,Neutral,Neutral,Neutral,Neutral,Neutral,Neutral,Neutral
12-07-2020,Neutral,Neutral,Neutral,Neutral,Neutral,Neutral,Neutral,Neutral,Neutral,Sell,Neutral,Neutral,Neutral,Neutral,Neutral,Neutral,Neutral,Neutral,Neutral,Neutral,Neutral,Neutral,Neutral,Neutral,Neutral,Neutral,Neutral,Neutral,Neutral,Neutral,Neutral,Neutral,Neutral,Neutral,Buy,Neutral
12-04-2020,Neutral,Neutral,Neutral,Neutral,Neutral,Neutral,Neutral,Neutral,Neutral,Neutral,Neutral,Neutral,Neutral,Neutral,Neutral,Neutral,Neutral,Neutral,Neutral,Neutral,Neutral,Neutral,Neutral,Neutral,Neutral,Neutral,Neutral,Neutral,Neutral,Neutral,Neutral,Neutral,Neutral,Neutral,Neutral,Neutral
12-03-2020,Neutral,Neutral,Neutral,Buy,Neutral,Neutral,Neutral,Neutral,Neutral,Neutral,Neutral,Neutral,Neutral,Neutral,Neutral,Sell,Neutral,Neutral,Neutral,Neutral,Neutral,Neutral,Neutral,Neutral,Neutral,Neutral,Neutral,Neutral,Neutral,Neutral,Neutral,Neutral,Neutral,Neutral,Neutral,Neutral
12-02-2020,Neutral,Neutral,Neutral,Buy,Neutral,Neutral,Neutral,Neutral,Neutral,Neutral,Neutral,Neutral,Neutral,Neutral,Neutral,Neutral,Neutral,Neutral,Neutral,Neutral,Neutral,Neutral,Neutral,Buy,Neutral,Neutral,Neutral,Neutral,Neutral,Neutral,Neutral,Neutral,Neutral,Neutral,Neutral,Neutral
12-01-2020,Neutral,Neutral,Neutral,Neutral,Neutral,Neutral,Neutral,Neutral,Neutral,Neutral,Neutral,Neutral,Neutral,Neutral,Neutral,Neutral,Neutral,Neutral,Neutral,Neutral,Neutral,Neutral,Neutral,Buy,Neutral,Neutral,Neutral,Neutral,Neutral,Neutral,Neutral,Neutral,Neutral,Neutral,Neutral,Neutral
11-30-2020,Neutral,Neutral,Neutral,Neutral,Neutral,Neutral,Neutral,Neutral,Neutral,Neutral,Neutral,Neutral,Neutral,Neutral,Neutral,Neutral,Neutral,Neutral,Neutral,Neutral,Neutral,Neutral,Sell,Neutral,Neutral,Neutral,Neutral,Neutral,Sell,Neutral,Neutral,Sell,Neutral,Neutral,Neutral,Neutral
11-27-2020,Neutral,Neutral,Neutral,Buy,Neutral,Neutral,Neutral,Sell,Neutral,Neutral,Neutral,Neutral,Neutral,Neutral,Neutral,Neutral,Neutral,Neutral,Neutral,Neutral,Neutral,Neutral,Neutral,Neutral,Neutral,Neutral,Neutral,Neutral,Sell,Neutral,Neutral,Sell,Neutral,Neutral,Neutral,Neutral
11-26-2020,Neutral,Neutral,Neutral,Buy,Neutral,Neutral,Neutral,Sell,Neutral,Neutral,Neutral,Neutral,Neutral,Sell,Neutral,Neutral,Neutral,Neutral,Neutral,Neutral,Neutral,Neutral,Neutral,Neutral,Neutral,Neutral,Neutral,Neutral,Neutral,Neutral,Neutral,Sell,Neutral,Neutral,Neutral,Neutral
11-25-2020,Neutral,Neutral,Neutral,Neutral,Neutral,Neutral,Neutral,Neutral,Neutral,Neutral,Neutral,Neutral,Neutral,Neutral,Buy,Neutral,Neutral,Neutral,Neutral,Neutral,Sell,Neutral,Neutral,Neutral,Neutral,Sell,Neutral,Neutral,Sell,Neutral,Neutral,Sell,Neutral,Neutral,Neutral,Neutral
11-24-2020,Neutral,Neutral,Neutral,Neutral,Neutral,Neutral,Neutral,Neutral,Neutral,Neutral,Neutral,Neutral,Neutral,Neutral,Neutral,Neutral,Neutral,Neutral,Neutral,Neutral,Neutral,Neutral,Neutral,Neutral,Neutral,Sell,Neutral,Neutral,Neutral,Neutral,Neutral,Sell,Neutral,Neutral,Neutral,Neutral
11-23-2020,Neutral,Neutral,Neutral,Neutral,Neutral,Neutral,Neutral,Neutral,Neutral,Neutral,Neutral,Neutral,Neutral,Neutral,Neutral,Neutral,Neutral,Neutral,Neutral,Neutral,Sell,Neutral,Neutral,Neutral,Neutral,Neutral,Neutral,Neutral,Neutral,Neutral,Neutral,Neutral,Neutral,Neutral,Buy,Neutral
11-20-2020,Neutral,Neutral,Neutral,Neutral,Neutral,Neutral,Neutral,Neutral,Neutral,Buy,Neutral,Neutral,Neutral,Neutral,Neutral,Neutral,Neutral,Neutral,Neutral,Neutral,Neutral,Neutral,Neutral,Neutral,Neutral,Neutral,Neutral,Neutral,Neutral,Neutral,Neutral,Neutral,Neutral,Neutral,Neutral,Buy
11-19-2020,Sell,Neutral,Neutral,Neutral,Neutral,Neutral,Neutral,Neutral,Neutral,Buy,Neutral,Neutral,Neutral,Neutral,Buy,Neutral,Neutral,Neutral,Neutral,Neutral,Neutral,Neutral,Neutral,Neutral,Neutral,Neutral,Neutral,Neutral,Neutral,Neutral,Neutral,Neutral,Buy,Neutral,Neutral,Neutral
11-18-2020,Sell,Neutral,Neutral,Neutral,Neutral,Neutral,Neutral,Neutral,Neutral,Neutral,Neutral,Neutral,Neutral,Neutral,Neutral,Neutral,Neutral,Neutral,Neutral,Neutral,Neutral,Neutral,Neutral,Neutral,Neutral,Sell,Neutral,Neutral,Neutral,Neutral,Neutral,Neutral,Neutral,Neutral,Neutral,Neutral
11-17-2020,Neutral,Neutral,Neutral,Neutral,Neutral,Neutral,Neutral,Neutral,Neutral,Buy,Neutral,Neutral,Neutral,Neutral,Neutral,Neutral,Neutral,Neutral,Neutral,Neutral,Neutral,Neutral,Neutral,Neutral,Neutral,Neutral,Neutral,Neutral,Neutral,Neutral,Neutral,Neutral,Neutral,Neutral,Neutral,Neutral
11-16-2020,Neutral,Neutral,Neutral,Neutral,Neutral,Neutral,Neutral,Neutral,Neutral,Buy,Neutral,Neutral,Neutral,Neutral,Neutral,Neutral,Neutral,Neutral,Neutral,Neutral,Neutral,Neutral,Neutral,Neutral,Neutral,Neutral,Neutral,Neutral,Neutral,Sell,Neutral,Neutral,Neutral,Neutral,Neutral,Neutral
11-13-2020,Neutral,Sell,Neutral,Neutral,Neutral,Neutral,Sell,Neutral,Neutral,Neutral,Buy,Buy,Neutral,Neutral,Neutral,Neutral,Neutral,Neutral,Neutral,Neutral,Neutral,Neutral,Neutral,Neutral,Neutral,Neutral,Neutral,Neutral,Neutral,Neutral,Neutral,Neutral,Neutral,Neutral,Neutral,Neutral
11-12-2020,Neutral,Neutral,Neutral,Neutral,Neutral,Neutral,Sell,Sell,Neutral,Neutral,Neutral,Neutral,Neutral,Neutral,Neutral,Neutral,Neutral,Neutral,Neutral,Neutral,Neutral,Neutral,Neutral,Neutral,Neutral,Neutral,Neutral,Neutral,Neutral,Neutral,Neutral,Neutral,Neutral,Neutral,Neutral,Neutral
11-11-2020,Neutral,Neutral,Neutral,Neutral,Neutral,Neutral,Sell,Neutral,Neutral,Neutral,Neutral,Neutral,Neutral,Neutral,Neutral,Neutral,Neutral,Neutral,Neutral,Neutral,Neutral,Neutral,Neutral,Neutral,Neutral,Neutral,Neutral,Neutral,Neutral,Neutral,Neutral,Neutral,Neutral,Neutral,Neutral,Neutral
11-10-2020,Neutral,Neutral,Neutral,Neutral,Neutral,Neutral,Sell,Neutral,Neutral,Neutral,Neutral,Neutral,Neutral,Neutral,Neutral,Neutral,Neutral,Neutral,Neutral,Neutral,Neutral,Neutral,Neutral,Neutral,Neutral,Neutral,Neutral,Neutral,Neutral,Neutral,Neutral,Sell,Neutral,Neutral,Neutral,Neutral
11-09-2020,Neutral,Neutral,Neutral,Neutral,Neutral,Neutral,Sell,Neutral,Neutral,Neutral,Neutral,Neutral,Neutral,Neutral,Neutral,Neutral,Neutral,Neutral,Neutral,Neutral,Neutral,Neutral,Neutral,Neutral,Neutral,Neutral,Neutral,Neutral,Neutral,Neutral,Neutral,Neutral,Neutral,Neutral,Neutral,Neutral
11-06-2020,Neutral,Neutral,Neutral,Neutral,Neutral,Neutral,Neutral,Buy,Neutral,Neutral,Neutral,Neutral,Neutral,Buy,Neutral,Neutral,Neutral,Buy,Neutral,Neutral,Neutral,Neutral,Neutral,Neutral,Neutral,Neutral,Neutral,Neutral,Neutral,Neutral,Neutral,Neutral,Neutral,Buy,Neutral,Neutral
11-05-2020,Neutral,Neutral,Neutral,Neutral,Neutral,Neutral,Neutral,Neutral,Neutral,Neutral,Neutral,Neutral,Neutral,Neutral,Buy,Neutral,Neutral,Neutral,Neutral,Neutral,Neutral,Neutral,Neutral,Neutral,Neutral,Neutral,Neutral,Neutral,Neutral,Neutral,Neutral,Neutral,Neutral,Neutral,Neutral,Neutral
11-04-2020,Neutral,Neutral,Neutral,Neutral,Neutral,Neutral,Neutral,Neutral,Neutral,Neutral,Neutral,Neutral,Neutral,Buy,Neutral,Neutral,Neutral,Neutral,Neutral,Neutral,Neutral,Neutral,Neutral,Neutral,Neutral,Neutral,Neutral,Neutral,Neutral,Neutral,Neutral,Neutral,Neutral,Neutral,Buy,Neutral
11-03-2020,Neutral,Neutral,Buy,Neutral,Neutral,Neutral,Neutral,Neutral,Neutral,Buy,Neutral,Neutral,Neutral,Buy,Neutral,Buy,Neutral,Neutral,Neutral,Neutral,Sell,Neutral,Neutral,Neutral,Neutral,Neutral,Neutral,Neutral,Neutral,Neutral,Neutral,Neutral,Neutral,Neutral,Neutral,Neutral
11-02-2020,Neutral,Neutral,Neutral,Neutral,Neutral,Neutral,Neutral,Neutral,Neutral,Neutral,Neutral,Neutral,Neutral,Neutral,Neutral,Neutral,Neutral,Neutral,Neutral,Neutral,Neutral,Neutral,Neutral,Neutral,Neutral,Neutral,Neutral,Neutral,Neutral,Neutral,Neutral,Neutral,Neutral,Neutral,Neutral,Neutral
10-30-2020,Neutral,Neutral,Neutral,Neutral,Neutral,Neutral,Neutral,Neutral,Neutral,Neutral,Neutral,Neutral,Neutral,Neutral,Neutral,Neutral,Neutral,Neutral,Neutral,Neutral,Neutral,Neutral,Neutral,Neutral,Neutral,Neutral,Neutral,Neutral,Neutral,Neutral,Neutral,Neutral,Neutral,Neutral,Neutral,Neutral
10-29-2020,Neutral,Neutral,Neutral,Neutral,Neutral,Neutral,Neutral,Neutral,Neutral,Neutral,Neutral,Neutral,Neutral,Neutral,Neutral,Neutral,Neutral,Neutral,Neutral,Neutral,Neutral,Neutral,Neutral,Neutral,Neutral,Neutral,Neutral,Neutral,Neutral,Neutral,Neutral,Neutral,Neutral,Neutral,Neutral,Neutral
10-28-2020,Neutral,Neutral,Buy,Neutral,Neutral,Neutral,Neutral,Neutral,Neutral,Neutral,Neutral,Neutral,Neutral,Neutral,Neutral,Neutral,Neutral,Neutral,Neutral,Neutral,Neutral,Neutral,Neutral,Neutral,Neutral,Neutral,Neutral,Neutral,Neutral,Neutral,Neutral,Neutral,Neutral,Neutral,Neutral,Neutral
10-27-2020,Neutral,Neutral,Neutral,Neutral,Neutral,Neutral,Buy,Neutral,Neutral,Neutral,Neutral,Neutral,Neutral,Buy,Neutral,Neutral,Neutral,Neutral,Neutral,Neutral,Neutral,Neutral,Neutral,Neutral,Neutral,Neutral,Neutral,Neutral,Neutral,Neutral,Neutral,Sell,Buy,Neutral,Neutral,Neutral
10-26-2020,Neutral,Neutral,Neutral,Neutral,Neutral,Neutral,Neutral,Neutral,Neutral,Neutral,Neutral,Neutral,Neutral,Buy,Neutral,Neutral,Neutral,Neutral,Neutral,Neutral,Neutral,Neutral,Neutral,Neutral,Neutral,Neutral,Neutral,Neutral,Neutral,Neutral,Neutral,Neutral,Buy,Neutral,Neutral,Neutral
10-23-2020,Buy,Neutral,Neutral,Neutral,Neutral,Neutral,Neutral,Neutral,Neutral,Neutral,Neutral,Neutral,Neutral,Neutral,Neutral,Neutral,Neutral,Neutral,Neutral,Neutral,Neutral,Neutral,Neutral,Sell,Neutral,Neutral,Neutral,Neutral,Buy,Neutral,Neutral,Sell,Neutral,Neutral,Neutral,Neutral
10-22-2020,Neutral,Buy,Neutral,Neutral,Buy,Neutral,Neutral,Neutral,Neutral,Neutral,Neutral,Sell,Neutral,Buy,Neutral,Neutral,Neutral,Neutral,Neutral,Neutral,Neutral,Neutral,Neutral,Neutral,Neutral,Neutral,Neutral,Neutral,Buy,Neutral,Neutral,Neutral,Neutral,Neutral,Neutral,Neutral
10-21-2020,Buy,Neutral,Neutral,Neutral,Neutral,Neutral,Neutral,Neutral,Neutral,Neutral,Neutral,Neutral,Neutral,Buy,Neutral,Neutral,Neutral,Neutral,Neutral,Sell,Neutral,Neutral,Neutral,Sell,Neutral,Neutral,Neutral,Buy,Neutral,Neutral,Buy,Neutral,Neutral,Neutral,Neutral,Neutral
10-20-2020,Buy,Neutral,Neutral,Neutral,Buy,Neutral,Neutral,Neutral,Neutral,Neutral,Neutral,Sell,Neutral,Neutral,Neutral,Neutral,Neutral,Neutral,Neutral,Sell,Neutral,Neutral,Neutral,Neutral,Neutral,Neutral,Neutral,Neutral,Neutral,Neutral,Neutral,Neutral,Neutral,Neutral,Neutral,Neutral
10-19-2020,Buy,Neutral,Neutral,Neutral,Neutral,Neutral,Neutral,Neutral,Neutral,Neutral,Neutral,Sell,Neutral,Neutral,Neutral,Neutral,Neutral,Neutral,Neutral,Neutral,Neutral,Neutral,Neutral,Neutral,Neutral,Neutral,Neutral,Neutral,Buy,Neutral,Neutral,Neutral,Neutral,Neutral,Neutral,Neutral
10-16-2020,Buy,Neutral,Neutral,Neutral,Neutral,Neutral,Neutral,Neutral,Neutral,Neutral,Neutral,Neutral,Neutral,Neutral,Neutral,Neutral,Neutral,Neutral,Neutral,Neutral,Neutral,Neutral,Neutral,Neutral,Neutral,Neutral,Neutral,Neutral,Buy,Neutral,Buy,Neutral,Neutral,Neutral,Neutral,Neutral
10-15-2020,Neutral,Neutral,Neutral,Neutral,Buy,Neutral,Neutral,Neutral,Neutral,Neutral,Neutral,Neutral,Neutral,Buy,Neutral,Neutral,Neutral,Neutral,Neutral,Neutral,Neutral,Neutral,Neutral,Neutral,Neutral,Neutral,Neutral,Neutral,Neutral,Neutral,Buy,Neutral,Neutral,Neutral,Neutral,Neutral
10-14-2020,Neutral,Neutral,Neutral,Neutral,Neutral,Neutral,Neutral,Neutral,Neutral,Neutral,Neutral,Neutral,Neutral,Neutral,Neutral,Neutral,Neutral,Neutral,Neutral,Neutral,Neutral,Neutral,Neutral,Neutral,Neutral,Neutral,Neutral,Neutral,Neutral,Neutral,Neutral,Neutral,Neutral,Neutral,Neutral,Neutral
10-13-2020,Neutral,Neutral,Neutral,Neutral,Neutral,Neutral,Neutral,Neutral,Neutral,Neutral,Neutral,Neutral,Neutral,Neutral,Neutral,Neutral,Neutral,Neutral,Neutral,Neutral,Neutral,Neutral,Neutral,Neutral,Neutral,Neutral,Neutral,Neutral,Neutral,Neutral,Neutral,Neutral,Neutral,Neutral,Neutral,Neutral
10-12-2020,Neutral,Neutral,Neutral,Neutral,Neutral,Neutral,Neutral,Neutral,Neutral,Neutral,Neutral,Neutral,Neutral,Neutral,Neutral,Neutral,Neutral,Neutral,Neutral,Neutral,Neutral,Neutral,Neutral,Neutral,Neutral,Neutral,Neutral,Neutral,Neutral,Neutral,Neutral,Neutral,Neutral,Neutral,Neutral,Neutral
10-09-2020,Neutral,Neutral,Neutral,Neutral,Neutral,Neutral,Neutral,Neutral,Neutral,Neutral,Neutral,Neutral,Neutral,Neutral,Neutral,Neutral,Neutral,Neutral,Neutral,Neutral,Neutral,Neutral,Neutral,Neutral,Neutral,Neutral,Neutral,Neutral,Neutral,Neutral,Neutral,Neutral,Neutral,Neutral,Neutral,Neutral
10-08-2020,Neutral,Neutral,Neutral,Neutral,Neutral,Neutral,Neutral,Neutral,Neutral,Neutral,Neutral,Neutral,Neutral,Neutral,Neutral,Neutral,Neutral,Neutral,Neutral,Neutral,Neutral,Neutral,Neutral,Neutral,Neutral,Neutral,Neutral,Neutral,Neutral,Neutral,Neutral,Neutral,Neutral,Neutral,Neutral,Neutral
10-07-2020,Neutral,Neutral,Neutral,Neutral,Neutral,Neutral,Neutral,Neutral,Neutral,Neutral,Neutral,Neutral,Neutral,Neutral,Neutral,Neutral,Neutral,Neutral,Neutral,Neutral,Neutral,Neutral,Neutral,Neutral,Neutral,Neutral,Neutral,Neutral,Neutral,Neutral,Neutral,Neutral,Neutral,Neutral,Neutral,Neutral
10-06-2020,Neutral,Neutral,Neutral,Neutral,Neutral,Neutral,Neutral,Neutral,Neutral,Neutral,Neutral,Neutral,Neutral,Neutral,Neutral,Neutral,Neutral,Neutral,Neutral,Neutral,Neutral,Neutral,Neutral,Neutral,Neutral,Neutral,Neutral,Neutral,Neutral,Neutral,Neutral,Neutral,Neutral,Neutral,Neutral,Neutral
10-05-2020,Neutral,Neutral,Neutral,Neutral,Neutral,Neutral,Neutral,Neutral,Neutral,Neutral,Neutral,Neutral,Neutral,Neutral,Neutral,Neutral,Neutral,Neutral,Neutral,Neutral,Neutral,Neutral,Neutral,Neutral,Neutral,Neutral,Neutral,Neutral,Neutral,Neutral,Neutral,Neutral,Neutral,Neutral,Neutral,Neutral
10-02-2020,Neutral,Neutral,Neutral,Neutral,Neutral,Neutral,Neutral,Neutral,Neutral,Neutral,Neutral,Neutral,Neutral,Neutral,Neutral,Neutral,Neutral,Neutral,Neutral,Neutral,Neutral,Neutral,Neutral,Neutral,Neutral,Neutral,Neutral,Neutral,Neutral,Neutral,Neutral,Neutral,Neutral,Neutral,Neutral,Neutral
10-01-2020,Neutral,Neutral,Neutral,Neutral,Neutral,Neutral,Neutral,Neutral,Neutral,Neutral,Neutral,Neutral,Neutral,Neutral,Neutral,Neutral,Neutral,Neutral,Neutral,Neutral,Neutral,Neutral,Neutral,Neutral,Sell,Neutral,Neutral,Neutral,Neutral,Neutral,Neutral,Neutral,Neutral,Neutral,Neutral,Neutral
09-30-2020,Neutral,Neutral,Buy,Neutral,Neutral,Neutral,Neutral,Neutral,Sell,Neutral,Neutral,Neutral,Neutral,Neutral,Neutral,Neutral,Neutral,Neutral,Neutral,Neutral,Neutral,Neutral,Neutral,Neutral,Neutral,Neutral,Neutral,Neutral,Neutral,Neutral,Neutral,Neutral,Sell,Sell,Neutral,Sell
09-29-2020,Neutral,Neutral,Buy,Neutral,Neutral,Neutral,Neutral,Neutral,Neutral,Buy,Sell,Neutral,Neutral,Sell,Neutral,Neutral,Neutral,Neutral,Neutral,Neutral,Neutral,Neutral,Neutral,Neutral,Neutral,Neutral,Sell,Neutral,Neutral,Neutral,Neutral,Neutral,Neutral,Sell,Neutral,Sell
09-28-2020,Neutral,Neutral,Buy,Neutral,Neutral,Neutral,Neutral,Neutral,Sell,Neutral,Sell,Neutral,Neutral,Neutral,Neutral,Neutral,Neutral,Neutral,Neutral,Neutral,Neutral,Neutral,Neutral,Neutral,Neutral,Neutral,Sell,Neutral,Neutral,Buy,Neutral,Neutral,Sell,Sell,Neutral,Neutral
09-25-2020,Neutral,Neutral,Neutral,Neutral,Neutral,Neutral,Buy,Neutral,Sell,Neutral,Neutral,Neutral,Neutral,Neutral,Neutral,Neutral,Neutral,Sell,Neutral,Neutral,Neutral,Neutral,Neutral,Neutral,Sell,Neutral,Sell,Neutral,Neutral,Buy,Neutral,Neutral,Sell,Sell,Neutral,Sell
09-24-2020,Buy,Neutral,Neutral,Neutral,Neutral,Neutral,Neutral,Neutral,Sell,Buy,Sell,Neutral,Neutral,Neutral,Neutral,Neutral,Neutral,Sell,Neutral,Neutral,Neutral,Neutral,Buy,Neutral,Neutral,Neutral,Sell,Neutral,Neutral,Buy,Neutral,Neutral,Neutral,Sell,Buy,Sell
09-23-2020,Neutral,Neutral,Neutral,Neutral,Neutral,Neutral,Neutral,Neutral,Neutral,Buy,Sell,Neutral,Neutral,Neutral,Neutral,Neutral,Buy,Sell,Neutral,Neutral,Neutral,Neutral,Buy,Neutral,Buy,Neutral,Sell,Neutral,Neutral,Buy,Neutral,Neutral,Sell,Sell,Buy,Sell
09-22-2020,Neutral,Neutral,Neutral,Neutral,Neutral,Neutral,Neutral,Neutral,Neutral,Buy,Sell,Neutral,Neutral,Neutral,Neutral,Neutral,Neutral,Neutral,Buy,Neutral,Neutral,Neutral,Buy,Buy,Neutral,Buy,Sell,Neutral,Neutral,Buy,Neutral,Neutral,Sell,Neutral,Buy,Neutral
09-21-2020,Neutral,Neutral,Neutral,Neutral,Neutral,Neutral,Neutral,Neutral,Neutral,Neutral,Neutral,Neutral,Neutral,Buy,Neutral,Neutral,Buy,Neutral,Neutral,Neutral,Neutral,Neutral,Neutral,Neutral,Neutral,Neutral,Sell,Sell,Neutral,Buy,Neutral,Sell,Neutral,Neutral,Buy,Neutral
09-18-2020,Neutral,Neutral,Neutral,Neutral,Neutral,Neutral,Neutral,Neutral,Neutral,Neutral,Neutral,Neutral,Neutral,Neutral,Neutral,Neutral,Neutral,Neutral,Neutral,Neutral,Neutral,Neutral,Neutral,Buy,Neutral,Neutral,Sell,Neutral,Neutral,Neutral,Neutral,Neutral,Neutral,Neutral,Buy,Neutral
09-17-2020,Neutral,Neutral,Neutral,Neutral,Neutral,Neutral,Neutral,Neutral,Neutral,Neutral,Neutral,Neutral,Neutral,Neutral,Neutral,Neutral,Neutral,Neutral,Neutral,Neutral,Neutral,Buy,Neutral,Buy,Neutral,Neutral,Neutral,Neutral,Neutral,Neutral,Neutral,Sell,Neutral,Neutral,Buy,Neutral
09-16-2020,Sell,Neutral,Neutral,Neutral,Sell,Neutral,Neutral,Neutral,Neutral,Neutral,Neutral,Neutral,Neutral,Neutral,Neutral,Neutral,Neutral,Neutral,Neutral,Neutral,Buy,Neutral,Neutral,Buy,Buy,Neutral,Neutral,Neutral,Sell,Neutral,Neutral,Sell,Neutral,Neutral,Neutral,Neutral
09-15-2020,Sell,Neutral,Neutral,Neutral,Neutral,Neutral,Neutral,Neutral,Neutral,Sell,Neutral,Buy,Neutral,Neutral,Sell,Neutral,Neutral,Neutral,Neutral,Neutral,Neutral,Neutral,Neutral,Neutral,Neutral,Neutral,Neutral,Sell,Neutral,Neutral,Neutral,Neutral,Neutral,Neutral,Neutral,Neutral
09-14-2020,Neutral,Neutral,Neutral,Neutral,Neutral,Neutral,Neutral,Neutral,Neutral,Neutral,Neutral,Buy,Neutral,Neutral,Sell,Neutral,Neutral,Neutral,Neutral,Buy,Neutral,Buy,Neutral,Neutral,Buy,Neutral,Neutral,Neutral,Neutral,Neutral,Neutral,Neutral,Neutral,Neutral,Neutral,Neutral
09-11-2020,Neutral,Neutral,Neutral,Neutral,Neutral,Neutral,Neutral,Neutral,Neutral,Neutral,Neutral,Neutral,Neutral,Neutral,Sell,Neutral,Neutral,Neutral,Neutral,Buy,Neutral,Neutral,Neutral,Neutral,Neutral,Neutral,Neutral,Neutral,Neutral,Neutral,Neutral,Neutral,Neutral,Neutral,Neutral,Neutral
09-10-2020,Neutral,Neutral,Neutral,Neutral,Neutral,Neutral,Neutral,Neutral,Neutral,Neutral,Neutral,Neutral,Neutral,Neutral,Neutral,Neutral,Neutral,Neutral,Neutral,Neutral,Neutral,Neutral,Neutral,Neutral,Buy,Neutral,Neutral,Neutral,Neutral,Neutral,Neutral,Neutral,Neutral,Neutral,Neutral,Neutral
09-09-2020,Neutral,Neutral,Neutral,Neutral,Neutral,Neutral,Sell,Neutral,Neutral,Neutral,Neutral,Neutral,Neutral,Sell,Sell,Neutral,Neutral,Neutral,Neutral,Neutral,Neutral,Neutral,Neutral,Neutral,Buy,Neutral,Neutral,Neutral,Neutral,Neutral,Neutral,Neutral,Neutral,Neutral,Neutral,Neutral
09-08-2020,Neutral,Neutral,Neutral,Neutral,Sell,Neutral,Sell,Neutral,Neutral,Neutral,Neutral,Neutral,Neutral,Neutral,Neutral,Neutral,Neutral,Neutral,Neutral,Neutral,Neutral,Neutral,Neutral,Neutral,Neutral,Neutral,Neutral,Neutral,Neutral,Neutral,Neutral,Neutral,Neutral,Sell,Neutral,Neutral
09-07-2020,Neutral,Neutral,Neutral,Neutral,Neutral,Neutral,Sell,Sell,Neutral,Neutral,Neutral,Neutral,Neutral,Neutral,Neutral,Neutral,Neutral,Neutral,Neutral,Neutral,Neutral,Neutral,Neutral,Neutral,Neutral,Neutral,Neutral,Neutral,Neutral,Sell,Neutral,Neutral,Neutral,Neutral,Neutral,Neutral
09-04-2020,Neutral,Neutral,Neutral,Neutral,Sell,Neutral,Sell,Neutral,Neutral,Neutral,Neutral,Neutral,Neutral,Sell,Neutral,Neutral,Neutral,Neutral,Sell,Neutral,Neutral,Neutral,Neutral,Neutral,Neutral,Sell,Neutral,Neutral,Neutral,Sell,Neutral,Neutral,Buy,Neutral,Neutral,Neutral
09-03-2020,Sell,Neutral,Neutral,Neutral,Neutral,Sell,Sell,Neutral,Neutral,Neutral,Neutral,Neutral,Neutral,Neutral,Buy,Buy,Neutral,Neutral,Neutral,Neutral,Neutral,Neutral,Neutral,Neutral,Neutral,Neutral,Neutral,Neutral,Neutral,Neutral,Neutral,Neutral,Neutral,Neutral,Neutral,Neutral
09-02-2020,Neutral,Neutral,Neutral,Neutral,Neutral,Sell,Sell,Sell,Sell,Sell,Neutral,Neutral,Neutral,Sell,Buy,Neutral,Neutral,Neutral,Neutral,Neutral,Neutral,Neutral,Neutral,Neutral,Neutral,Neutral,Neutral,Neutral,Neutral,Sell,Neutral,Neutral,Neutral,Neutral,Neutral,Buy
09-01-2020,Neutral,Sell,Neutral,Neutral,Neutral,Sell,Neutral,Neutral,Neutral,Neutral,Neutral,Neutral,Neutral,Neutral,Neutral,Neutral,Neutral,Neutral,Neutral,Neutral,Neutral,Neutral,Neutral,Neutral,Neutral,Neutral,Buy,Neutral,Neutral,Sell,Neutral,Neutral,Neutral,Neutral,Neutral,Neutral
08-31-2020,Neutral,Neutral,Sell,Neutral,Neutral,Neutral,Neutral,Neutral,Neutral,Neutral,Neutral,Neutral,Neutral,Neutral,Neutral,Sell,Neutral,Neutral,Neutral,Neutral,Neutral,Neutral,Neutral,Neutral,Neutral,Sell,Neutral,Neutral,Neutral,Sell,Neutral,Neutral,Neutral,Buy,Neutral,Buy
08-28-2020,Neutral,Neutral,Sell,Neutral,Neutral,Neutral,Neutral,Neutral,Neutral,Sell,Neutral,Neutral,Neutral,Neutral,Neutral,Sell,Neutral,Neutral,Neutral,Neutral,Neutral,Neutral,Neutral,Neutral,Neutral,Sell,Neutral,Neutral,Neutral,Neutral,Neutral,Neutral,Neutral,Buy,Neutral,Buy
08-27-2020,Neutral,Neutral,Sell,Neutral,Neutral,Neutral,Neutral,Sell,Neutral,Neutral,Neutral,Neutral,Neutral,Neutral,Buy,Sell,Neutral,Neutral,Neutral,Neutral,Neutral,Neutral,Neutral,Neutral,Neutral,Sell,Neutral,Neutral,Neutral,Neutral,Neutral,Neutral,Buy,Neutral,Neutral,Buy
08-26-2020,Neutral,Neutral,Neutral,Neutral,Neutral,Neutral,Neutral,Neutral,Neutral,Neutral,Neutral,Neutral,Neutral,Neutral,Buy,Neutral,Neutral,Neutral,Neutral,Sell,Neutral,Neutral,Neutral,Neutral,Neutral,Neutral,Neutral,Neutral,Neutral,Neutral,Neutral,Neutral,Neutral,Neutral,Neutral,Buy
08-25-2020,Neutral,Neutral,Neutral,Neutral,Neutral,Neutral,Neutral,Neutral,Neutral,Sell,Neutral,Neutral,Neutral,Neutral,Neutral,Neutral,Neutral,Neutral,Neutral,Neutral,Neutral,Neutral,Neutral,Neutral,Neutral,Neutral,Neutral,Neutral,Neutral,Neutral,Neutral,Neutral,Neutral,Neutral,Neutral,Buy
08-24-2020,Neutral,Neutral,Neutral,Neutral,Neutral,Neutral,Neutral,Neutral,Neutral,Neutral,Neutral,Neutral,Neutral,Neutral,Neutral,Neutral,Neutral,Neutral,Neutral,Sell,Neutral,Neutral,Neutral,Neutral,Neutral,Neutral,Neutral,Neutral,Neutral,Neutral,Neutral,Neutral,Neutral,Neutral,Neutral,Buy
08-21-2020,Neutral,Neutral,Neutral,Neutral,Neutral,Neutral,Neutral,Neutral,Neutral,Neutral,Neutral,Neutral,Neutral,Neutral,Neutral,Sell,Sell,Neutral,Neutral,Sell,Neutral,Neutral,Neutral,Neutral,Neutral,Neutral,Neutral,Buy,Neutral,Neutral,Neutral,Neutral,Neutral,Neutral,Neutral,Neutral
08-20-2020,Neutral,Neutral,Neutral,Neutral,Neutral,Neutral,Neutral,Neutral,Neutral,Neutral,Neutral,Neutral,Neutral,Neutral,Neutral,Neutral,Neutral,Neutral,Neutral,Neutral,Neutral,Neutral,Neutral,Neutral,Neutral,Neutral,Neutral,Neutral,Neutral,Neutral,Neutral,Neutral,Neutral,Neutral,Neutral,Neutral
08-19-2020,Neutral,Neutral,Neutral,Neutral,Neutral,Neutral,Neutral,Neutral,Neutral,Neutral,Neutral,Neutral,Neutral,Neutral,Neutral,Neutral,Neutral,Neutral,Neutral,Neutral,Neutral,Neutral,Neutral,Neutral,Neutral,Neutral,Buy,Neutral,Neutral,Neutral,Neutral,Neutral,Neutral,Neutral,Neutral,Neutral
08-18-2020,Neutral,Neutral,Neutral,Neutral,Buy,Neutral,Neutral,Neutral,Neutral,Neutral,Neutral,Neutral,Neutral,Neutral,Neutral,Neutral,Neutral,Neutral,Neutral,Neutral,Neutral,Neutral,Neutral,Sell,Neutral,Neutral,Neutral,Buy,Buy,Neutral,Neutral,Neutral,Neutral,Neutral,Neutral,Neutral
08-17-2020,Neutral,Buy,Neutral,Neutral,Buy,Neutral,Neutral,Neutral,Neutral,Neutral,Neutral,Neutral,Neutral,Neutral,Neutral,Neutral,Sell,Neutral,Neutral,Neutral,Neutral,Neutral,Neutral,Sell,Neutral,Neutral,Buy,Neutral,Buy,Neutral,Buy,Neutral,Neutral,Neutral,Neutral,Neutral
08-14-2020,Neutral,Neutral,Neutral,Neutral,Neutral,Neutral,Neutral,Neutral,Neutral,Neutral,Neutral,Neutral,Neutral,Neutral,Neutral,Neutral,Sell,Neutral,Neutral,Neutral,Neutral,Neutral,Neutral,Neutral,Neutral,Neutral,Neutral,Buy,Buy,Neutral,Buy,Buy,Neutral,Neutral,Neutral,Neutral
08-13-2020,Neutral,Buy,Neutral,Sell,Buy,Neutral,Neutral,Neutral,Neutral,Neutral,Neutral,Neutral,Neutral,Neutral,Neutral,Neutral,Sell,Neutral,Neutral,Neutral,Neutral,Neutral,Neutral,Sell,Neutral,Neutral,Neutral,Buy,Buy,Neutral,Buy,Neutral,Neutral,Neutral,Neutral,Neutral
08-12-2020,Neutral,Neutral,Neutral,Sell,Neutral,Neutral,Neutral,Neutral,Neutral,Neutral,Neutral,Neutral,Neutral,Neutral,Neutral,Neutral,Sell,Neutral,Neutral,Neutral,Neutral,Neutral,Neutral,Sell,Neutral,Neutral,Buy,Neutral,Buy,Neutral,Buy,Buy,Buy,Neutral,Buy,Neutral
08-11-2020,Neutral,Neutral,Neutral,Neutral,Buy,Neutral,Neutral,Neutral,Neutral,Sell,Neutral,Neutral,Neutral,Neutral,Neutral,Neutral,Neutral,Neutral,Neutral,Neutral,Neutral,Neutral,Neutral,Neutral,Neutral,Neutral,Buy,Neutral,Neutral,Neutral,Neutral,Neutral,Neutral,Neutral,Neutral,Neutral
08-10-2020,Neutral,Neutral,Neutral,Neutral,Buy,Neutral,Neutral,Neutral,Neutral,Sell,Neutral,Neutral,Neutral,Neutral,Neutral,Neutral,Neutral,Neutral,Neutral,Neutral,Neutral,Neutral,Neutral,Neutral,Neutral,Neutral,Buy,Neutral,Neutral,Neutral,Neutral,Sell,Buy,Neutral,Neutral,Neutral
08-07-2020,Neutral,Neutral,Neutral,Neutral,Neutral,Neutral,Neutral,Neutral,Neutral,Neutral,Neutral,Neutral,Neutral,Neutral,Neutral,Neutral,Neutral,Neutral,Neutral,Neutral,Neutral,Neutral,Neutral,Neutral,Neutral,Neutral,Buy,Neutral,Neutral,Neutral,Buy,Neutral,Neutral,Neutral,Neutral,Neutral
08-06-2020,Neutral,Neutral,Neutral,Neutral,Neutral,Neutral,Neutral,Neutral,Neutral,Neutral,Neutral,Sell,Neutral,Neutral,Neutral,Neutral,Neutral,Neutral,Neutral,Neutral,Neutral,Neutral,Neutral,Neutral,Neutral,Neutral,Buy,Neutral,Neutral,Neutral,Neutral,Neutral,Neutral,Neutral,Neutral,Neutral
08-05-2020,Neutral,Neutral,Neutral,Neutral,Buy,Neutral,Neutral,Neutral,Neutral,Sell,Neutral,Neutral,Neutral,Neutral,Neutral,Neutral,Neutral,Neutral,Neutral,Neutral,Neutral,Neutral,Neutral,Neutral,Neutral,Neutral,Buy,Neutral,Neutral,Neutral,Neutral,Neutral,Neutral,Neutral,Neutral,Neutral
08-04-2020,Neutral,Neutral,Neutral,Neutral,Neutral,Neutral,Neutral,Neutral,Neutral,Neutral,Neutral,Neutral,Neutral,Neutral,Neutral,Neutral,Neutral,Neutral,Neutral,Sell,Neutral,Neutral,Neutral,Neutral,Neutral,Neutral,Neutral,Neutral,Neutral,Neutral,Neutral,Neutral,Neutral,Neutral,Neutral,Neutral
08-03-2020,Neutral,Neutral,Neutral,Sell,Neutral,Neutral,Neutral,Buy,Buy,Neutral,Neutral,Neutral,Sell,Neutral,Neutral,Neutral,Neutral,Neutral,Neutral,Sell,Neutral,Neutral,Neutral,Neutral,Neutral,Neutral,Neutral,Neutral,Neutral,Neutral,Neutral,Neutral,Neutral,Neutral,Buy,Neutral
07-31-2020,Sell,Neutral,Neutral,Neutral,Neutral,Neutral,Buy,Buy,Neutral,Sell,Neutral,Neutral,Neutral,Neutral,Neutral,Neutral,Neutral,Neutral,Neutral,Sell,Sell,Neutral,Neutral,Neutral,Neutral,Neutral,Buy,Neutral,Neutral,Neutral,Neutral,Neutral,Neutral,Neutral,Buy,Neutral
07-30-2020,Sell,Neutral,Neutral,Neutral,Neutral,Neutral,Buy,Neutral,Neutral,Neutral,Neutral,Neutral,Neutral,Sell,Neutral,Neutral,Neutral,Neutral,Neutral,Neutral,Neutral,Neutral,Neutral,Neutral,Neutral,Neutral,Neutral,Neutral,Neutral,Neutral,Buy,Neutral,Neutral,Neutral,Buy,Neutral
07-29-2020,Sell,Neutral,Neutral,Neutral,Neutral,Neutral,Neutral,Neutral,Neutral,Neutral,Neutral,Neutral,Sell,Neutral,Neutral,Neutral,Neutral,Neutral,Neutral,Neutral,Sell,Neutral,Neutral,Neutral,Neutral,Neutral,Neutral,Neutral,Neutral,Neutral,Buy,Neutral,Neutral,Neutral,Buy,Neutral
07-28-2020,Sell,Neutral,Neutral,Neutral,Neutral,Neutral,Buy,Neutral,Neutral,Neutral,Buy,Sell,Neutral,Sell,Sell,Neutral,Sell,Neutral,Neutral,Neutral,Neutral,Neutral,Neutral,Neutral,Neutral,Neutral,Neutral,Neutral,Neutral,Neutral,Neutral,Sell,Neutral,Neutral,Buy,Neutral
07-27-2020,Neutral,Neutral,Neutral,Neutral,Neutral,Neutral,Neutral,Neutral,Neutral,Neutral,Neutral,Buy,Neutral,Neutral,Neutral,Neutral,Neutral,Buy,Neutral,Neutral,Neutral,Neutral,Neutral,Neutral,Buy,Sell,Neutral,Neutral,Neutral,Buy,Neutral,Neutral,Neutral,Neutral,Neutral,Neutral
07-24-2020,Neutral,Neutral,Neutral,Neutral,Neutral,Neutral,Neutral,Neutral,Neutral,Neutral,Buy,Neutral,Neutral,Neutral,Neutral,Neutral,Neutral,Buy,Neutral,Neutral,Buy,Neutral,Neutral,Neutral,Neutral,Neutral,Neutral,Neutral,Neutral,Neutral,Neutral,Neutral,Neutral,Neutral,Neutral,Neutral
07-23-2020,Neutral,Neutral,Neutral,Neutral,Neutral,Neutral,Neutral,Neutral,Neutral,Neutral,Buy,Buy,Neutral,Neutral,Neutral,Neutral,Neutral,Buy,Neutral,Neutral,Neutral,Neutral,Neutral,Neutral,Buy,Neutral,Neutral,Neutral,Neutral,Neutral,Neutral,Neutral,Neutral,Neutral,Neutral,Neutral
07-22-2020,Neutral,Neutral,Neutral,Neutral,Neutral,Sell,Neutral,Neutral,Neutral,Neutral,Neutral,Neutral,Neutral,Neutral,Neutral,Neutral,Neutral,Buy,Neutral,Neutral,Neutral,Neutral,Neutral,Neutral,Neutral,Neutral,Neutral,Neutral,Neutral,Neutral,Neutral,Neutral,Neutral,Neutral,Neutral,Neutral
07-21-2020,Sell,Neutral,Neutral,Neutral,Neutral,Neutral,Neutral,Neutral,Neutral,Neutral,Neutral,Neutral,Neutral,Neutral,Neutral,Neutral,Neutral,Neutral,Neutral,Neutral,Neutral,Neutral,Neutral,Neutral,Buy,Neutral,Neutral,Neutral,Neutral,Neutral,Neutral,Sell,Neutral,Buy,Neutral,Neutral
07-20-2020,Neutral,Neutral,Neutral,Neutral,Neutral,Neutral,Neutral,Neutral,Neutral,Neutral,Neutral,Buy,Neutral,Neutral,Neutral,Neutral,Neutral,Buy,Neutral,Neutral,Neutral,Neutral,Neutral,Neutral,Buy,Neutral,Neutral,Neutral,Neutral,Neutral,Neutral,Neutral,Neutral,Neutral,Neutral,Neutral
07-17-2020,Neutral,Neutral,Neutral,Neutral,Neutral,Neutral,Neutral,Neutral,Neutral,Neutral,Neutral,Buy,Neutral,Neutral,Sell,Neutral,Neutral,Buy,Neutral,Neutral,Neutral,Neutral,Neutral,Neutral,Neutral,Neutral,Neutral,Neutral,Neutral,Neutral,Neutral,Neutral,Neutral,Neutral,Buy,Neutral
07-16-2020,Neutral,Neutral,Neutral,Neutral,Neutral,Neutral,Neutral,Neutral,Neutral,Neutral,Neutral,Buy,Sell,Neutral,Neutral,Neutral,Neutral,Buy,Neutral,Neutral,Neutral,Neutral,Neutral,Neutral,Neutral,Neutral,Neutral,Neutral,Neutral,Neutral,Neutral,Neutral,Neutral,Neutral,Neutral,Neutral
07-15-2020,Neutral,Neutral,Neutral,Neutral,Neutral,Neutral,Neutral,Neutral,Neutral,Neutral,Neutral,Neutral,Neutral,Neutral,Neutral,Neutral,Buy,Neutral,Neutral,Neutral,Neutral,Neutral,Neutral,Neutral,Neutral,Neutral,Neutral,Neutral,Neutral,Neutral,Neutral,Neutral,Neutral,Neutral,Neutral,Neutral
07-14-2020,Neutral,Neutral,Neutral,Neutral,Neutral,Neutral,Neutral,Neutral,Neutral,Neutral,Buy,Sell,Neutral,Neutral,Neutral,Neutral,Neutral,Buy,Neutral,Neutral,Neutral,Neutral,Neutral,Neutral,Neutral,Neutral,Neutral,Neutral,Neutral,Neutral,Neutral,Neutral,Neutral,Neutral,Neutral,Neutral
07-13-2020,Neutral,Neutral,Neutral,Neutral,Neutral,Neutral,Neutral,Neutral,Neutral,Neutral,Neutral,Neutral,Neutral,Neutral,Neutral,Neutral,Buy,Neutral,Neutral,Neutral,Neutral,Neutral,Neutral,Neutral,Neutral,Neutral,Neutral,Neutral,Neutral,Neutral,Neutral,Neutral,Neutral,Neutral,Neutral,Buy
07-10-2020,Neutral,Neutral,Neutral,Buy,Neutral,Neutral,Neutral,Neutral,Neutral,Neutral,Neutral,Neutral,Neutral,Neutral,Neutral,Neutral,Buy,Neutral,Neutral,Neutral,Neutral,Neutral,Neutral,Neutral,Neutral,Neutral,Neutral,Neutral,Neutral,Neutral,Neutral,Neutral,Neutral,Buy,Neutral,Neutral
07-09-2020,Neutral,Neutral,Neutral,Neutral,Neutral,Neutral,Neutral,Neutral,Neutral,Neutral,Neutral,Buy,Neutral,Neutral,Neutral,Neutral,Buy,Neutral,Neutral,Neutral,Neutral,Neutral,Neutral,Neutral,Neutral,Neutral,Neutral,Neutral,Neutral,Neutral,Neutral,Neutral,Neutral,Neutral,Neutral,Neutral
07-08-2020,Neutral,Neutral,Neutral,Neutral,Sell,Neutral,Neutral,Neutral,Neutral,Neutral,Neutral,Neutral,Neutral,Neutral,Neutral,Neutral,Buy,Neutral,Neutral,Neutral,Neutral,Neutral,Neutral,Neutral,Neutral,Neutral,Neutral,Neutral,Neutral,Neutral,Neutral,Neutral,Neutral,Neutral,Neutral,Neutral
07-07-2020,Neutral,Neutral,Neutral,Neutral,Neutral,Neutral,Neutral,Sell,Neutral,Neutral,Neutral,Neutral,Neutral,Neutral,Neutral,Neutral,Buy,Neutral,Neutral,Neutral,Neutral,Neutral,Neutral,Neutral,Neutral,Neutral,Neutral,Neutral,Neutral,Neutral,Neutral,Neutral,Neutral,Neutral,Neutral,Neutral
07-06-2020,Neutral,Neutral,Neutral,Neutral,Neutral,Neutral,Neutral,Neutral,Neutral,Neutral,Neutral,Neutral,Neutral,Neutral,Neutral,Neutral,Neutral,Neutral,Neutral,Neutral,Neutral,Neutral,Neutral,Neutral,Neutral,Neutral,Neutral,Neutral,Sell,Neutral,Sell,Neutral,Neutral,Neutral,Neutral,Neutral
07-03-2020,Neutral,Neutral,Neutral,Neutral,Neutral,Neutral,Neutral,Neutral,Neutral,Neutral,Neutral,Neutral,Neutral,Neutral,Neutral,Neutral,Neutral,Neutral,Neutral,Neutral,Neutral,Neutral,Neutral,Neutral,Neutral,Neutral,Neutral,Neutral,Sell,Neutral,Sell,Neutral,Neutral,Neutral,Neutral,Neutral
07-02-2020,Neutral,Neutral,Neutral,Neutral,Neutral,Neutral,Buy,Neutral,Neutral,Neutral,Neutral,Neutral,Neutral,Neutral,Neutral,Neutral,Neutral,Neutral,Neutral,Neutral,Neutral,Neutral,Neutral,Neutral,Neutral,Neutral,Neutral,Neutral,Neutral,Sell,Neutral,Neutral,Neutral,Neutral,Neutral,Neutral
07-01-2020,Neutral,Neutral,Neutral,Neutral,Neutral,Neutral,Neutral,Neutral,Neutral,Neutral,Neutral,Neutral,Neutral,Neutral,Neutral,Neutral,Neutral,Neutral,Neutral,Neutral,Neutral,Neutral,Neutral,Neutral,Neutral,Neutral,Neutral,Neutral,Neutral,Neutral,Neutral,Neutral,Neutral,Neutral,Neutral,Neutral
06-30-2020,Neutral,Neutral,Neutral,Neutral,Neutral,Neutral,Neutral,Neutral,Neutral,Neutral,Neutral,Neutral,Neutral,Neutral,Neutral,Neutral,Neutral,Neutral,Neutral,Neutral,Neutral,Neutral,Neutral,Neutral,Neutral,Neutral,Neutral,Neutral,Neutral,Neutral,Neutral,Neutral,Neutral,Neutral,Neutral,Neutral
06-29-2020,Neutral,Neutral,Neutral,Neutral,Neutral,Neutral,Neutral,Neutral,Neutral,Neutral,Neutral,Neutral,Neutral,Neutral,Neutral,Neutral,Neutral,Neutral,Neutral,Neutral,Neutral,Neutral,Neutral,Neutral,Neutral,Neutral,Neutral,Neutral,Neutral,Neutral,Neutral,Neutral,Neutral,Neutral,Neutral,Neutral
06-26-2020,Neutral,Neutral,Neutral,Neutral,Neutral,Neutral,Neutral,Neutral,Neutral,Neutral,Neutral,Neutral,Neutral,Neutral,Neutral,Neutral,Neutral,Neutral,Neutral,Neutral,Neutral,Neutral,Neutral,Neutral,Neutral,Neutral,Neutral,Neutral,Neutral,Neutral,Neutral,Neutral,Neutral,Neutral,Neutral,Neutral
06-25-2020,Neutral,Neutral,Neutral,Neutral,Neutral,Neutral,Neutral,Neutral,Neutral,Neutral,Neutral,Neutral,Neutral,Neutral,Neutral,Neutral,Neutral,Neutral,Neutral,Neutral,Neutral,Neutral,Neutral,Neutral,Neutral,Neutral,Neutral,Neutral,Neutral,Neutral,Neutral,Neutral,Neutral,Neutral,Neutral,Neutral
06-24-2020,Neutral,Neutral,Neutral,Neutral,Buy,Neutral,Buy,Neutral,Neutral,Neutral,Neutral,Neutral,Neutral,Neutral,Sell,Neutral,Neutral,Neutral,Neutral,Neutral,Buy,Neutral,Neutral,Buy,Neutral,Neutral,Neutral,Sell,Neutral,Neutral,Neutral,Neutral,Neutral,Neutral,Neutral,Neutral
06-23-2020,Neutral,Neutral,Neutral,Neutral,Neutral,Neutral,Neutral,Neutral,Neutral,Neutral,Neutral,Neutral,Neutral,Neutral,Neutral,Neutral,Neutral,Neutral,Neutral,Neutral,Neutral,Neutral,Neutral,Neutral,Neutral,Neutral,Neutral,Neutral,Neutral,Sell,Neutral,Neutral,Neutral,Neutral,Neutral,Neutral
06-22-2020,Neutral,Neutral,Neutral,Neutral,Neutral,Neutral,Neutral,Neutral,Neutral,Neutral,Neutral,Neutral,Neutral,Neutral,Neutral,Neutral,Buy,Neutral,Neutral,Neutral,Neutral,Neutral,Neutral,Neutral,Neutral,Neutral,Neutral,Neutral,Neutral,Neutral,Neutral,Neutral,Neutral,Neutral,Neutral,Neutral
06-19-2020,Neutral,Neutral,Neutral,Neutral,Sell,Neutral,Neutral,Neutral,Neutral,Neutral,Neutral,Neutral,Neutral,Neutral,Neutral,Neutral,Neutral,Neutral,Neutral,Neutral,Neutral,Neutral,Neutral,Neutral,Neutral,Neutral,Neutral,Neutral,Neutral,Neutral,Neutral,Neutral,Neutral,Neutral,Neutral,Neutral
06-18-2020,Neutral,Buy,Neutral,Neutral,Sell,Neutral,Neutral,Neutral,Neutral,Neutral,Neutral,Neutral,Neutral,Neutral,Neutral,Neutral,Neutral,Neutral,Neutral,Neutral,Neutral,Neutral,Neutral,Neutral,Neutral,Neutral,Neutral,Neutral,Neutral,Neutral,Neutral,Neutral,Neutral,Neutral,Neutral,Neutral
06-17-2020,Neutral,Neutral,Neutral,Neutral,Neutral,Neutral,Neutral,Neutral,Neutral,Neutral,Neutral,Neutral,Neutral,Neutral,Neutral,Neutral,Neutral,Neutral,Neutral,Neutral,Neutral,Neutral,Neutral,Neutral,Neutral,Neutral,Neutral,Neutral,Neutral,Neutral,Neutral,Neutral,Neutral,Neutral,Neutral,Neutral
06-16-2020,Neutral,Neutral,Neutral,Neutral,Neutral,Neutral,Neutral,Neutral,Neutral,Neutral,Neutral,Neutral,Neutral,Neutral,Neutral,Neutral,Neutral,Neutral,Neutral,Neutral,Neutral,Neutral,Neutral,Neutral,Neutral,Neutral,Neutral,Neutral,Neutral,Neutral,Neutral,Neutral,Neutral,Neutral,Neutral,Neutral
06-15-2020,Neutral,Neutral,Neutral,Neutral,Neutral,Neutral,Neutral,Neutral,Neutral,Neutral,Neutral,Neutral,Neutral,Neutral,Neutral,Neutral,Neutral,Neutral,Neutral,Neutral,Neutral,Neutral,Neutral,Neutral,Neutral,Neutral,Neutral,Neutral,Neutral,Neutral,Neutral,Neutral,Neutral,Neutral,Neutral,Neutral
06-12-2020,Neutral,Neutral,Neutral,Neutral,Neutral,Neutral,Neutral,Neutral,Neutral,Sell,Neutral,Neutral,Neutral,Neutral,Neutral,Neutral,Neutral,Neutral,Neutral,Neutral,Neutral,Neutral,Neutral,Neutral,Neutral,Neutral,Neutral,Neutral,Neutral,Neutral,Neutral,Neutral,Neutral,Neutral,Neutral,Neutral
06-11-2020,Sell,Neutral,Sell,Neutral,Neutral,Neutral,Neutral,Neutral,Neutral,Neutral,Neutral,Buy,Neutral,Neutral,Neutral,Neutral,Neutral,Buy,Neutral,Neutral,Neutral,Neutral,Neutral,Neutral,Neutral,Neutral,Neutral,Neutral,Neutral,Neutral,Neutral,Neutral,Buy,Neutral,Neutral,Neutral
06-10-2020,Neutral,Neutral,Sell,Neutral,Neutral,Neutral,Neutral,Neutral,Neutral,Neutral,Neutral,Buy,Neutral,Neutral,Neutral,Sell,Neutral,Neutral,Neutral,Neutral,Neutral,Neutral,Neutral,Neutral,Neutral,Neutral,Neutral,Neutral,Neutral,Neutral,Neutral,Neutral,Buy,Neutral,Neutral,Neutral
06-09-2020,Sell,Sell,Sell,Neutral,Neutral,Neutral,Neutral,Neutral,Neutral,Neutral,Buy,Buy,Neutral,Neutral,Neutral,Sell,Neutral,Buy,Neutral,Neutral,Neutral,Neutral,Neutral,Neutral,Neutral,Neutral,Neutral,Neutral,Neutral,Neutral,Neutral,Neutral,Neutral,Neutral,Neutral,Buy
06-08-2020,Neutral,Sell,Sell,Neutral,Neutral,Neutral,Neutral,Sell,Neutral,Neutral,Buy,Neutral,Neutral,Neutral,Neutral,Sell,Neutral,Neutral,Neutral,Neutral,Neutral,Neutral,Neutral,Neutral,Neutral,Neutral,Buy,Neutral,Neutral,Neutral,Neutral,Neutral,Neutral,Neutral,Neutral,Neutral
06-05-2020,Neutral,Sell,Sell,Neutral,Neutral,Neutral,Neutral,Sell,Neutral,Sell,Buy,Buy,Neutral,Sell,Neutral,Neutral,Neutral,Neutral,Neutral,Neutral,Neutral,Neutral,Neutral,Neutral,Neutral,Neutral,Buy,Neutral,Sell,Neutral,Neutral,Neutral,Neutral,Neutral,Sell,Neutral
06-04-2020,Neutral,Neutral,Sell,Neutral,Neutral,Neutral,Neutral,Sell,Neutral,Neutral,Buy,Neutral,Neutral,Sell,Neutral,Sell,Neutral,Neutral,Neutral,Neutral,Neutral,Neutral,Neutral,Neutral,Neutral,Neutral,Buy,Neutral,Neutral,Sell,Neutral,Neutral,Neutral,Neutral,Sell,Neutral
06-03-2020,Neutral,Neutral,Neutral,Neutral,Neutral,Neutral,Neutral,Neutral,Neutral,Neutral,Neutral,Neutral,Neutral,Sell,Neutral,Sell,Neutral,Neutral,Neutral,Neutral,Neutral,Neutral,Neutral,Neutral,Neutral,Neutral,Neutral,Neutral,Neutral,Sell,Neutral,Neutral,Buy,Neutral,Neutral,Neutral
06-02-2020,Neutral,Neutral,Neutral,Sell,Neutral,Neutral,Neutral,Neutral,Neutral,Neutral,Buy,Neutral,Neutral,Neutral,Neutral,Sell,Neutral,Neutral,Neutral,Neutral,Neutral,Neutral,Neutral,Neutral,Neutral,Neutral,Neutral,Neutral,Neutral,Neutral,Neutral,Neutral,Neutral,Neutral,Neutral,Neutral
06-01-2020,Neutral,Neutral,Neutral,Sell,Neutral,Neutral,Neutral,Neutral,Neutral,Neutral,Neutral,Neutral,Neutral,Sell,Neutral,Neutral,Neutral,Neutral,Neutral,Neutral,Neutral,Neutral,Neutral,Buy,Neutral,Neutral,Neutral,Neutral,Neutral,Neutral,Neutral,Neutral,Neutral,Neutral,Neutral,Neutral
05-29-2020,Neutral,Neutral,Neutral,Neutral,Buy,Neutral,Neutral,Neutral,Neutral,Neutral,Neutral,Neutral,Neutral,Neutral,Neutral,Neutral,Neutral,Neutral,Neutral,Neutral,Neutral,Neutral,Neutral,Neutral,Neutral,Neutral,Neutral,Neutral,Neutral,Neutral,Neutral,Neutral,Neutral,Buy,Neutral,Neutral
05-28-2020,Neutral,Neutral,Neutral,Neutral,Neutral,Neutral,Neutral,Neutral,Neutral,Neutral,Neutral,Neutral,Neutral,Neutral,Neutral,Sell,Neutral,Neutral,Neutral,Neutral,Neutral,Neutral,Neutral,Neutral,Neutral,Neutral,Neutral,Neutral,Neutral,Neutral,Neutral,Neutral,Neutral,Neutral,Neutral,Neutral
05-27-2020,Neutral,Neutral,Neutral,Sell,Neutral,Neutral,Neutral,Neutral,Neutral,Neutral,Neutral,Neutral,Neutral,Sell,Neutral,Neutral,Neutral,Neutral,Neutral,Neutral,Neutral,Neutral,Neutral,Neutral,Neutral,Neutral,Neutral,Sell,Neutral,Neutral,Neutral,Neutral,Neutral,Neutral,Neutral,Neutral
05-26-2020,Neutral,Neutral,Sell,Neutral,Neutral,Neutral,Neutral,Neutral,Neutral,Neutral,Neutral,Neutral,Neutral,Neutral,Neutral,Neutral,Neutral,Neutral,Neutral,Neutral,Neutral,Neutral,Neutral,Neutral,Neutral,Neutral,Neutral,Neutral,Neutral,Neutral,Neutral,Neutral,Buy,Neutral,Neutral,Neutral
05-25-2020,Neutral,Neutral,Neutral,Neutral,Neutral,Neutral,Neutral,Neutral,Buy,Neutral,Neutral,Neutral,Neutral,Neutral,Neutral,Neutral,Neutral,Neutral,Neutral,Neutral,Neutral,Neutral,Neutral,Neutral,Neutral,Neutral,Neutral,Neutral,Neutral,Neutral,Neutral,Neutral,Neutral,Neutral,Neutral,Neutral
05-22-2020,Neutral,Neutral,Neutral,Neutral,Neutral,Neutral,Neutral,Neutral,Neutral,Neutral,Neutral,Neutral,Neutral,Sell,Neutral,Neutral,Neutral,Neutral,Neutral,Neutral,Neutral,Neutral,Neutral,Neutral,Neutral,Neutral,Neutral,Neutral,Neutral,Neutral,Neutral,Neutral,Neutral,Neutral,Neutral,Buy
05-21-2020,Neutral,Neutral,Neutral,Sell,Neutral,Neutral,Neutral,Neutral,Neutral,Neutral,Neutral,Neutral,Neutral,Neutral,Neutral,Neutral,Neutral,Neutral,Neutral,Neutral,Neutral,Neutral,Neutral,Neutral,Buy,Neutral,Neutral,Neutral,Neutral,Neutral,Neutral,Neutral,Neutral,Neutral,Neutral,Neutral
05-20-2020,Neutral,Neutral,Neutral,Neutral,Neutral,Neutral,Neutral,Neutral,Neutral,Neutral,Neutral,Neutral,Neutral,Neutral,Neutral,Neutral,Neutral,Neutral,Neutral,Neutral,Neutral,Neutral,Neutral,Neutral,Buy,Buy,Neutral,Neutral,Neutral,Neutral,Neutral,Neutral,Buy,Buy,Neutral,Neutral
05-19-2020,Neutral,Neutral,Neutral,Sell,Neutral,Neutral,Neutral,Neutral,Neutral,Neutral,Neutral,Neutral,Neutral,Neutral,Sell,Neutral,Neutral,Neutral,Neutral,Neutral,Neutral,Neutral,Neutral,Neutral,Neutral,Buy,Buy,Neutral,Neutral,Neutral,Neutral,Neutral,Neutral,Neutral,Neutral,Neutral
05-18-2020,Neutral,Neutral,Neutral,Neutral,Neutral,Neutral,Neutral,Neutral,Neutral,Neutral,Buy,Neutral,Neutral,Neutral,Neutral,Neutral,Neutral,Neutral,Neutral,Neutral,Neutral,Neutral,Buy,Neutral,Neutral,Buy,Neutral,Neutral,Neutral,Neutral,Neutral,Neutral,Neutral,Neutral,Neutral,Neutral
05-15-2020,Neutral,Neutral,Neutral,Neutral,Neutral,Neutral,Neutral,Neutral,Neutral,Neutral,Neutral,Neutral,Neutral,Neutral,Neutral,Neutral,Neutral,Neutral,Neutral,Neutral,Neutral,Neutral,Buy,Neutral,Neutral,Buy,Buy,Neutral,Neutral,Neutral,Buy,Neutral,Neutral,Neutral,Neutral,Neutral
05-14-2020,Neutral,Neutral,Neutral,Neutral,Neutral,Neutral,Neutral,Neutral,Neutral,Neutral,Neutral,Neutral,Neutral,Neutral,Sell,Neutral,Neutral,Neutral,Neutral,Neutral,Neutral,Neutral,Neutral,Neutral,Neutral,Neutral,Neutral,Neutral,Neutral,Neutral,Neutral,Neutral,Neutral,Neutral,Neutral,Neutral
05-13-2020,Neutral,Neutral,Neutral,Neutral,Neutral,Neutral,Neutral,Neutral,Neutral,Neutral,Neutral,Neutral,Neutral,Neutral,Neutral,Neutral,Neutral,Neutral,Neutral,Neutral,Neutral,Neutral,Neutral,Neutral,Neutral,Neutral,Neutral,Neutral,Neutral,Neutral,Neutral,Neutral,Neutral,Neutral,Neutral,Neutral
05-12-2020,Neutral,Neutral,Neutral,Neutral,Neutral,Neutral,Neutral,Neutral,Neutral,Neutral,Neutral,Neutral,Neutral,Neutral,Neutral,Neutral,Neutral,Neutral,Neutral,Neutral,Neutral,Neutral,Neutral,Neutral,Neutral,Neutral,Neutral,Neutral,Neutral,Sell,Neutral,Sell,Neutral,Neutral,Neutral,Neutral
05-11-2020,Neutral,Neutral,Neutral,Neutral,Neutral,Neutral,Neutral,Neutral,Neutral,Buy,Neutral,Neutral,Buy,Neutral,Neutral,Neutral,Neutral,Neutral,Neutral,Neutral,Neutral,Neutral,Neutral,Neutral,Neutral,Neutral,Neutral,Neutral,Neutral,Neutral,Neutral,Neutral,Neutral,Neutral,Buy,Neutral
05-08-2020,Neutral,Neutral,Neutral,Neutral,Neutral,Neutral,Neutral,Neutral,Neutral,Neutral,Neutral,Neutral,Neutral,Neutral,Neutral,Neutral,Neutral,Neutral,Neutral,Neutral,Neutral,Neutral,Neutral,Neutral,Neutral,Neutral,Neutral,Neutral,Neutral,Neutral,Neutral,Neutral,Neutral,Neutral,Neutral,Neutral
05-07-2020,Neutral,Neutral,Neutral,Neutral,Neutral,Neutral,Neutral,Buy,Neutral,Neutral,Neutral,Neutral,Neutral,Neutral,Neutral,Buy,Neutral,Neutral,Neutral,Neutral,Neutral,Neutral,Neutral,Neutral,Neutral,Neutral,Neutral,Sell,Neutral,Neutral,Neutral,Neutral,Neutral,Neutral,Neutral,Neutral
05-06-2020,Neutral,Neutral,Neutral,Neutral,Neutral,Neutral,Neutral,Neutral,Neutral,Neutral,Neutral,Neutral,Neutral,Neutral,Neutral,Buy,Neutral,Neutral,Neutral,Neutral,Neutral,Neutral,Neutral,Neutral,Neutral,Neutral,Neutral,Neutral,Neutral,Neutral,Neutral,Neutral,Neutral,Neutral,Neutral,Neutral
05-05-2020,Neutral,Neutral,Neutral,Neutral,Neutral,Neutral,Neutral,Neutral,Neutral,Neutral,Neutral,Neutral,Neutral,Neutral,Buy,Buy,Neutral,Neutral,Neutral,Neutral,Neutral,Neutral,Neutral,Neutral,Neutral,Neutral,Neutral,Neutral,Neutral,Neutral,Neutral,Neutral,Neutral,Neutral,Neutral,Neutral
05-04-2020,Neutral,Neutral,Neutral,Neutral,Neutral,Neutral,Neutral,Neutral,Neutral,Buy,Neutral,Neutral,Neutral,Neutral,Neutral,Neutral,Neutral,Buy,Neutral,Neutral,Neutral,Neutral,Neutral,Neutral,Neutral,Neutral,Neutral,Neutral,Neutral,Neutral,Neutral,Neutral,Neutral,Neutral,Buy,Neutral
05-01-2020,Neutral,Neutral,Neutral,Neutral,Neutral,Neutral,Neutral,Neutral,Neutral,Neutral,Neutral,Neutral,Neutral,Sell,Buy,Neutral,Neutral,Neutral,Neutral,Neutral,Neutral,Neutral,Neutral,Neutral,Neutral,Neutral,Neutral,Neutral,Neutral,Neutral,Neutral,Neutral,Neutral,Neutral,Neutral,Neutral
04-30-2020,Neutral,Neutral,Neutral,Neutral,Sell,Neutral,Neutral,Neutral,Neutral,Neutral,Buy,Buy,Neutral,Neutral,Neutral,Buy,Neutral,Neutral,Neutral,Neutral,Neutral,Neutral,Neutral,Neutral,Neutral,Neutral,Neutral,Neutral,Neutral,Neutral,Neutral,Neutral,Neutral,Neutral,Neutral,Neutral
04-29-2020,Neutral,Neutral,Neutral,Neutral,Sell,Neutral,Neutral,Neutral,Neutral,Neutral,Neutral,Neutral,Neutral,Neutral,Buy,Neutral,Neutral,Neutral,Buy,Neutral,Neutral,Neutral,Neutral,Neutral,Neutral,Neutral,Neutral,Neutral,Neutral,Neutral,Neutral,Neutral,Neutral,Neutral,Neutral,Neutral
04-28-2020,Neutral,Neutral,Neutral,Neutral,Sell,Neutral,Neutral,Neutral,Neutral,Neutral,Neutral,Neutral,Neutral,Neutral,Buy,Neutral,Neutral,Neutral,Neutral,Neutral,Neutral,Neutral,Neutral,Neutral,Neutral,Neutral,Neutral,Neutral,Neutral,Neutral,Neutral,Neutral,Neutral,Neutral,Neutral,Neutral
04-27-2020,Neutral,Neutral,Neutral,Neutral,Neutral,Neutral,Neutral,Neutral,Neutral,Neutral,Neutral,Neutral,Neutral,Neutral,Neutral,Neutral,Neutral,Neutral,Neutral,Neutral,Neutral,Neutral,Neutral,Neutral,Neutral,Neutral,Neutral,Sell,Neutral,Neutral,Neutral,Neutral,Neutral,Neutral,Neutral,Neutral
04-24-2020,Neutral,Neutral,Neutral,Neutral,Neutral,Neutral,Neutral,Neutral,Neutral,Neutral,Neutral,Neutral,Neutral,Neutral,Neutral,Neutral,Neutral,Neutral,Neutral,Neutral,Neutral,Neutral,Neutral,Neutral,Neutral,Neutral,Neutral,Neutral,Neutral,Neutral,Neutral,Neutral,Neutral,Neutral,Neutral,Neutral
04-23-2020,Neutral,Neutral,Neutral,Neutral,Neutral,Neutral,Neutral,Neutral,Neutral,Neutral,Neutral,Neutral,Neutral,Neutral,Neutral,Neutral,Neutral,Neutral,Neutral,Neutral,Neutral,Neutral,Neutral,Neutral,Neutral,Neutral,Neutral,Neutral,Neutral,Neutral,Neutral,Neutral,Neutral,Neutral,Neutral,Neutral
04-22-2020,Neutral,Neutral,Neutral,Sell,Sell,Neutral,Neutral,Neutral,Neutral,Neutral,Neutral,Neutral,Neutral,Buy,Neutral,Neutral,Neutral,Neutral,Neutral,Neutral,Neutral,Neutral,Neutral,Neutral,Neutral,Neutral,Neutral,Neutral,Neutral,Neutral,Neutral,Neutral,Neutral,Neutral,Neutral,Sell
04-21-2020,Neutral,Neutral,Neutral,Sell,Neutral,Neutral,Neutral,Neutral,Neutral,Neutral,Neutral,Neutral,Neutral,Buy,Neutral,Neutral,Neutral,Neutral,Neutral,Buy,Neutral,Neutral,Buy,Neutral,Neutral,Neutral,Neutral,Neutral,Neutral,Neutral,Neutral,Neutral,Neutral,Neutral,Neutral,Neutral
04-20-2020,Neutral,Neutral,Neutral,Neutral,Neutral,Neutral,Neutral,Neutral,Neutral,Neutral,Neutral,Neutral,Neutral,Buy,Neutral,Neutral,Neutral,Neutral,Neutral,Neutral,Neutral,Neutral,Neutral,Neutral,Neutral,Neutral,Neutral,Neutral,Neutral,Neutral,Neutral,Neutral,Neutral,Neutral,Neutral,Neutral
04-17-2020,Neutral,Neutral,Neutral,Neutral,Neutral,Neutral,Neutral,Neutral,Neutral,Neutral,Neutral,Neutral,Neutral,Neutral,Neutral,Neutral,Neutral,Neutral,Neutral,Neutral,Neutral,Neutral,Neutral,Neutral,Sell,Neutral,Neutral,Neutral,Neutral,Neutral,Neutral,Neutral,Neutral,Neutral,Neutral,Neutral
04-16-2020,Neutral,Neutral,Neutral,Neutral,Neutral,Neutral,Neutral,Neutral,Neutral,Neutral,Neutral,Neutral,Neutral,Neutral,Neutral,Neutral,Neutral,Neutral,Neutral,Neutral,Neutral,Neutral,Neutral,Neutral,Sell,Neutral,Sell,Neutral,Neutral,Neutral,Neutral,Neutral,Neutral,Neutral,Neutral,Neutral
04-15-2020,Neutral,Neutral,Neutral,Neutral,Neutral,Neutral,Neutral,Neutral,Neutral,Neutral,Neutral,Neutral,Neutral,Neutral,Neutral,Neutral,Neutral,Neutral,Neutral,Neutral,Neutral,Neutral,Neutral,Neutral,Sell,Neutral,Neutral,Neutral,Neutral,Neutral,Neutral,Neutral,Neutral,Neutral,Neutral,Neutral
04-14-2020,Neutral,Neutral,Neutral,Neutral,Neutral,Neutral,Neutral,Neutral,Neutral,Neutral,Neutral,Neutral,Neutral,Buy,Neutral,Neutral,Buy,Neutral,Neutral,Neutral,Neutral,Neutral,Neutral,Neutral,Sell,Neutral,Neutral,Sell,Neutral,Neutral,Neutral,Neutral,Neutral,Neutral,Neutral,Neutral
04-13-2020,Neutral,Neutral,Neutral,Neutral,Neutral,Neutral,Neutral,Neutral,Neutral,Neutral,Neutral,Neutral,Neutral,Buy,Neutral,Neutral,Neutral,Neutral,Neutral,Neutral,Neutral,Neutral,Neutral,Neutral,Sell,Neutral,Neutral,Neutral,Neutral,Neutral,Neutral,Neutral,Neutral,Neutral,Neutral,Neutral
04-10-2020,Neutral,Neutral,Neutral,Neutral,Neutral,Neutral,Neutral,Neutral,Neutral,Neutral,Neutral,Neutral,Neutral,Neutral,Neutral,Neutral,Neutral,Neutral,Neutral,Neutral,Neutral,Neutral,Neutral,Neutral,Neutral,Neutral,Neutral,Neutral,Neutral,Neutral,Neutral,Neutral,Neutral,Neutral,Neutral,Neutral
04-09-2020,Neutral,Neutral,Neutral,Neutral,Neutral,Neutral,Neutral,Neutral,Neutral,Neutral,Neutral,Neutral,Neutral,Neutral,Neutral,Neutral,Neutral,Neutral,Neutral,Neutral,Neutral,Neutral,Neutral,Neutral,Neutral,Neutral,Neutral,Neutral,Neutral,Neutral,Neutral,Neutral,Neutral,Neutral,Neutral,Neutral
04-08-2020,Neutral,Neutral,Neutral,Neutral,Neutral,Neutral,Neutral,Neutral,Neutral,Neutral,Neutral,Neutral,Neutral,Neutral,Neutral,Neutral,Neutral,Neutral,Neutral,Neutral,Neutral,Neutral,Neutral,Neutral,Neutral,Neutral,Neutral,Neutral,Neutral,Neutral,Neutral,Neutral,Neutral,Neutral,Neutral,Neutral
04-07-2020,Neutral,Neutral,Neutral,Neutral,Neutral,Neutral,Neutral,Neutral,Neutral,Neutral,Neutral,Neutral,Neutral,Buy,Neutral,Neutral,Neutral,Neutral,Neutral,Sell,Neutral,Neutral,Neutral,Neutral,Neutral,Neutral,Neutral,Neutral,Neutral,Neutral,Neutral,Neutral,Neutral,Neutral,Neutral,Neutral
04-06-2020,Neutral,Neutral,Neutral,Neutral,Neutral,Neutral,Neutral,Neutral,Neutral,Neutral,Neutral,Neutral,Neutral,Neutral,Neutral,Neutral,Neutral,Neutral,Neutral,Neutral,Neutral,Neutral,Neutral,Neutral,Neutral,Neutral,Neutral,Neutral,Neutral,Neutral,Neutral,Neutral,Neutral,Neutral,Neutral,Sell
04-03-2020,Buy,Buy,Neutral,Neutral,Neutral,Neutral,Neutral,Neutral,Neutral,Buy,Neutral,Neutral,Neutral,Neutral,Neutral,Neutral,Neutral,Neutral,Neutral,Neutral,Neutral,Neutral,Neutral,Sell,Neutral,Neutral,Neutral,Neutral,Neutral,Neutral,Neutral,Neutral,Neutral,Neutral,Neutral,Neutral
04-02-2020,Neutral,Neutral,Neutral,Neutral,Neutral,Neutral,Neutral,Neutral,Neutral,Neutral,Neutral,Neutral,Neutral,Neutral,Neutral,Neutral,Neutral,Neutral,Neutral,Sell,Neutral,Neutral,Neutral,Sell,Neutral,Neutral,Neutral,Neutral,Neutral,Neutral,Buy,Neutral,Neutral,Neutral,Neutral,Neutral
04-01-2020,Neutral,Neutral,Neutral,Neutral,Neutral,Neutral,Neutral,Neutral,Neutral,Neutral,Neutral,Neutral,Neutral,Neutral,Neutral,Neutral,Neutral,Neutral,Neutral,Sell,Neutral,Neutral,Neutral,Neutral,Neutral,Neutral,Neutral,Neutral,Neutral,Neutral,Neutral,Neutral,Neutral,Neutral,Neutral,Neutral
03-31-2020,Neutral,Neutral,Neutral,Neutral,Neutral,Neutral,Neutral,Neutral,Neutral,Neutral,Neutral,Neutral,Neutral,Neutral,Neutral,Neutral,Neutral,Neutral,Neutral,Neutral,Neutral,Neutral,Neutral,Neutral,Neutral,Neutral,Neutral,Neutral,Neutral,Neutral,Neutral,Neutral,Neutral,Neutral,Neutral,Neutral
03-30-2020,Neutral,Neutral,Neutral,Neutral,Neutral,Neutral,Neutral,Neutral,Neutral,Neutral,Neutral,Neutral,Neutral,Neutral,Neutral,Neutral,Neutral,Neutral,Neutral,Neutral,Neutral,Neutral,Neutral,Neutral,Neutral,Neutral,Neutral,Neutral,Neutral,Neutral,Neutral,Neutral,Neutral,Neutral,Neutral,Neutral
03-27-2020,Neutral,Neutral,Neutral,Neutral,Neutral,Neutral,Neutral,Neutral,Neutral,Neutral,Neutral,Neutral,Neutral,Neutral,Neutral,Neutral,Neutral,Neutral,Neutral,Neutral,Neutral,Neutral,Neutral,Neutral,Neutral,Neutral,Neutral,Neutral,Neutral,Neutral,Neutral,Neutral,Neutral,Neutral,Neutral,Neutral
03-26-2020,Neutral,Neutral,Neutral,Neutral,Neutral,Neutral,Neutral,Neutral,Neutral,Neutral,Neutral,Neutral,Neutral,Neutral,Neutral,Neutral,Neutral,Neutral,Neutral,Neutral,Neutral,Neutral,Neutral,Neutral,Buy,Buy,Neutral,Neutral,Neutral,Neutral,Buy,Neutral,Sell,Neutral,Neutral,Neutral
03-25-2020,Neutral,Buy,Neutral,Neutral,Neutral,Neutral,Neutral,Neutral,Neutral,Neutral,Neutral,Neutral,Sell,Neutral,Neutral,Neutral,Neutral,Neutral,Buy,Neutral,Neutral,Neutral,Neutral,Neutral,Neutral,Buy,Neutral,Neutral,Neutral,Neutral,Neutral,Buy,Sell,Neutral,Neutral,Neutral
03-24-2020,Buy,Neutral,Buy,Neutral,Neutral,Neutral,Neutral,Neutral,Neutral,Neutral,Sell,Sell,Sell,Buy,Neutral,Neutral,Sell,Sell,Neutral,Neutral,Neutral,Neutral,Buy,Neutral,Buy,Neutral,Neutral,Neutral,Neutral,Buy,Buy,Buy,Neutral,Neutral,Sell,Neutral
03-23-2020,Buy,Neutral,Neutral,Buy,Neutral,Neutral,Neutral,Neutral,Neutral,Neutral,Neutral,Sell,Neutral,Neutral,Neutral,Neutral,Sell,Sell,Neutral,Neutral,Buy,Neutral,Neutral,Neutral,Buy,Neutral,Neutral,Buy,Neutral,Neutral,Buy,Buy,Sell,Sell,Neutral,Neutral
03-20-2020,Buy,Neutral,Neutral,Neutral,Neutral,Neutral,Neutral,Neutral,Neutral,Neutral,Neutral,Sell,Sell,Neutral,Neutral,Neutral,Sell,Neutral,Buy,Neutral,Buy,Neutral,Buy,Neutral,Buy,Buy,Neutral,Buy,Neutral,Neutral,Buy,Buy,Sell,Sell,Neutral,Sell
03-19-2020,Neutral,Neutral,Neutral,Neutral,Neutral,Neutral,Neutral,Neutral,Neutral,Neutral,Sell,Sell,Sell,Neutral,Sell,Neutral,Neutral,Neutral,Buy,Neutral,Neutral,Neutral,Buy,Neutral,Buy,Neutral,Neutral,Buy,Buy,Buy,Neutral,Buy,Neutral,Sell,Neutral,Sell
03-18-2020,Neutral,Neutral,Buy,Buy,Buy,Buy,Buy,Buy,Neutral,Neutral,Sell,Sell,Neutral,Neutral,Sell,Neutral,Sell,Sell,Neutral,Neutral,Neutral,Neutral,Buy,Neutral,Neutral,Buy,Neutral,Neutral,Buy,Neutral,Buy,Buy,Neutral,Neutral,Neutral,Neutral
03-17-2020,Neutral,Neutral,Buy,Buy,Neutral,Buy,Neutral,Neutral,Neutral,Neutral,Neutral,Sell,Sell,Neutral,Neutral,Neutral,Neutral,Sell,Neutral,Neutral,Neutral,Neutral,Buy,Neutral,Buy,Neutral,Neutral,Neutral,Neutral,Neutral,Neutral,Neutral,Sell,Neutral,Neutral,Neutral
03-16-2020,Neutral,Buy,Buy,Neutral,Neutral,Neutral,Neutral,Buy,Buy,Neutral,Neutral,Sell,Sell,Neutral,Neutral,Neutral,Neutral,Sell,Neutral,Neutral,Neutral,Neutral,Buy,Neutral,Neutral,Neutral,Neutral,Neutral,Neutral,Buy,Buy,Neutral,Neutral,Neutral,Neutral,Neutral
03-13-2020,Neutral,Neutral,Neutral,Buy,Buy,Neutral,Buy,Neutral,Buy,Neutral,Neutral,Sell,Neutral,Neutral,Neutral,Buy,Neutral,Sell,Neutral,Neutral,Neutral,Neutral,Neutral,Neutral,Neutral,Buy,Neutral,Sell,Neutral,Neutral,Buy,Neutral,Neutral,Neutral,Neutral,Neutral
03-12-2020,Neutral,Neutral,Neutral,Buy,Neutral,Neutral,Neutral,Neutral,Buy,Buy,Sell,Neutral,Neutral,Neutral,Neutral,Neutral,Neutral,Sell,Sell,Neutral,Sell,Neutral,Neutral,Neutral,Neutral,Neutral,Neutral,Neutral,Neutral,Buy,Neutral,Neutral,Neutral,Neutral,Buy,Neutral
03-11-2020,Sell,Neutral,Neutral,Buy,Neutral,Neutral,Neutral,Neutral,Neutral,Neutral,Neutral,Neutral,Neutral,Neutral,Neutral,Neutral,Neutral,Neutral,Neutral,Neutral,Neutral,Neutral,Neutral,Neutral,Neutral,Neutral,Sell,Sell,Neutral,Neutral,Neutral,Neutral,Neutral,Buy,Neutral,Neutral
03-10-2020,Sell,Neutral,Neutral,Neutral,Neutral,Neutral,Neutral,Neutral,Neutral,Neutral,Neutral,Neutral,Neutral,Neutral,Neutral,Neutral,Neutral,Sell,Neutral,Neutral,Neutral,Neutral,Neutral,Neutral,Neutral,Neutral,Neutral,Sell,Neutral,Neutral,Neutral,Neutral,Sell,Neutral,Neutral,Neutral
03-09-2020,Neutral,Neutral,Neutral,Neutral,Buy,Neutral,Neutral,Neutral,Neutral,Neutral,Neutral,Neutral,Sell,Neutral,Neutral,Neutral,Neutral,Neutral,Neutral,Neutral,Sell,Neutral,Buy,Neutral,Neutral,Neutral,Neutral,Sell,Neutral,Neutral,Neutral,Neutral,Neutral,Buy,Neutral,Neutral
03-06-2020,Neutral,Buy,Neutral,Neutral,Neutral,Neutral,Neutral,Neutral,Neutral,Neutral,Neutral,Neutral,Neutral,Neutral,Neutral,Neutral,Neutral,Neutral,Sell,Neutral,Sell,Neutral,Buy,Neutral,Neutral,Neutral,Neutral,Neutral,Neutral,Neutral,Neutral,Neutral,Neutral,Neutral,Neutral,Neutral
03-05-2020,Sell,Neutral,Neutral,Neutral,Neutral,Neutral,Neutral,Neutral,Neutral,Neutral,Neutral,Neutral,Neutral,Neutral,Neutral,Neutral,Neutral,Neutral,Sell,Neutral,Neutral,Neutral,Neutral,Neutral,Neutral,Neutral,Neutral,Neutral,Neutral,Neutral,Buy,Neutral,Neutral,Neutral,Buy,Neutral
03-04-2020,Neutral,Neutral,Neutral,Neutral,Neutral,Buy,Neutral,Neutral,Neutral,Neutral,Neutral,Neutral,Sell,Neutral,Neutral,Neutral,Neutral,Neutral,Neutral,Neutral,Neutral,Neutral,Neutral,Neutral,Neutral,Neutral,Neutral,Neutral,Neutral,Neutral,Neutral,Neutral,Neutral,Neutral,Buy,Neutral
03-03-2020,Neutral,Neutral,Neutral,Neutral,Neutral,Neutral,Neutral,Neutral,Neutral,Neutral,Neutral,Neutral,Sell,Neutral,Neutral,Neutral,Neutral,Neutral,Neutral,Neutral,Neutral,Neutral,Neutral,Neutral,Buy,Buy,Neutral,Neutral,Neutral,Neutral,Neutral,Neutral,Neutral,Neutral,Neutral,Buy
03-02-2020,Buy,Neutral,Neutral,Neutral,Neutral,Neutral,Neutral,Neutral,Neutral,Neutral,Neutral,Neutral,Neutral,Neutral,Neutral,Neutral,Neutral,Neutral,Neutral,Neutral,Neutral,Neutral,Neutral,Neutral,Buy,Neutral,Neutral,Neutral,Neutral,Neutral,Neutral,Neutral,Neutral,Buy,Neutral,Neutral
02-28-2020,Neutral,Neutral,Neutral,Neutral,Neutral,Neutral,Neutral,Neutral,Neutral,Neutral,Neutral,Neutral,Neutral,Neutral,Neutral,Neutral,Neutral,Neutral,Neutral,Neutral,Neutral,Neutral,Neutral,Neutral,Neutral,Neutral,Neutral,Neutral,Neutral,Neutral,Neutral,Neutral,Neutral,Buy,Neutral,Neutral
02-27-2020,Neutral,Neutral,Neutral,Neutral,Buy,Neutral,Neutral,Neutral,Neutral,Neutral,Neutral,Neutral,Neutral,Buy,Neutral,Neutral,Neutral,Neutral,Neutral,Neutral,Neutral,Neutral,Neutral,Neutral,Neutral,Neutral,Neutral,Neutral,Neutral,Neutral,Neutral,Neutral,Neutral,Buy,Neutral,Neutral
02-26-2020,Neutral,Neutral,Neutral,Neutral,Neutral,Neutral,Neutral,Neutral,Neutral,Neutral,Neutral,Neutral,Neutral,Neutral,Neutral,Neutral,Neutral,Neutral,Neutral,Neutral,Neutral,Neutral,Neutral,Neutral,Neutral,Neutral,Neutral,Neutral,Neutral,Neutral,Neutral,Neutral,Neutral,Neutral,Neutral,Neutral
02-25-2020,Neutral,Neutral,Neutral,Neutral,Neutral,Neutral,Neutral,Neutral,Neutral,Neutral,Neutral,Neutral,Neutral,Neutral,Neutral,Neutral,Neutral,Neutral,Neutral,Neutral,Neutral,Neutral,Neutral,Neutral,Sell,Neutral,Neutral,Neutral,Neutral,Buy,Neutral,Neutral,Neutral,Neutral,Sell,Neutral
02-24-2020,Neutral,Neutral,Neutral,Neutral,Neutral,Neutral,Neutral,Neutral,Buy,Neutral,Neutral,Sell,Neutral,Neutral,Neutral,Neutral,Neutral,Neutral,Neutral,Neutral,Neutral,Neutral,Neutral,Neutral,Sell,Neutral,Neutral,Neutral,Neutral,Neutral,Neutral,Neutral,Neutral,Neutral,Neutral,Neutral
02-21-2020,Neutral,Neutral,Neutral,Neutral,Neutral,Neutral,Neutral,Neutral,Neutral,Neutral,Neutral,Neutral,Neutral,Neutral,Neutral,Neutral,Neutral,Neutral,Neutral,Neutral,Neutral,Neutral,Neutral,Neutral,Neutral,Neutral,Neutral,Buy,Neutral,Neutral,Neutral,Neutral,Neutral,Neutral,Neutral,Neutral
02-20-2020,Neutral,Neutral,Neutral,Neutral,Neutral,Neutral,Neutral,Neutral,Sell,Neutral,Neutral,Neutral,Buy,Neutral,Buy,Neutral,Neutral,Neutral,Neutral,Neutral,Neutral,Neutral,Neutral,Neutral,Neutral,Neutral,Neutral,Buy,Neutral,Neutral,Neutral,Neutral,Neutral,Neutral,Neutral,Neutral
02-19-2020,Neutral,Neutral,Neutral,Neutral,Neutral,Neutral,Neutral,Neutral,Sell,Neutral,Neutral,Neutral,Neutral,Neutral,Buy,Neutral,Neutral,Neutral,Neutral,Neutral,Neutral,Neutral,Neutral,Neutral,Sell,Neutral,Neutral,Neutral,Neutral,Neutral,Neutral,Neutral,Neutral,Neutral,Sell,Neutral
02-18-2020,Neutral,Neutral,Neutral,Neutral,Neutral,Neutral,Neutral,Buy,Sell,Neutral,Neutral,Neutral,Buy,Neutral,Neutral,Neutral,Neutral,Neutral,Neutral,Neutral,Neutral,Neutral,Neutral,Neutral,Sell,Neutral,Neutral,Neutral,Neutral,Neutral,Neutral,Neutral,Neutral,Neutral,Neutral,Neutral
02-17-2020,Neutral,Neutral,Neutral,Neutral,Neutral,Neutral,Neutral,Neutral,Neutral,Neutral,Neutral,Neutral,Neutral,Neutral,Neutral,Neutral,Neutral,Neutral,Neutral,Neutral,Neutral,Neutral,Neutral,Neutral,Sell,Neutral,Neutral,Neutral,Neutral,Neutral,Neutral,Neutral,Neutral,Neutral,Sell,Neutral
02-14-2020,Neutral,Neutral,Neutral,Neutral,Neutral,Neutral,Neutral,Neutral,Neutral,Neutral,Neutral,Neutral,Neutral,Neutral,Neutral,Neutral,Neutral,Neutral,Neutral,Neutral,Neutral,Neutral,Neutral,Neutral,Sell,Neutral,Neutral,Neutral,Neutral,Neutral,Neutral,Neutral,Neutral,Neutral,Sell,Neutral
02-13-2020,Neutral,Neutral,Neutral,Neutral,Neutral,Neutral,Neutral,Neutral,Neutral,Neutral,Neutral,Neutral,Neutral,Neutral,Neutral,Buy,Neutral,Neutral,Neutral,Neutral,Neutral,Neutral,Neutral,Neutral,Neutral,Neutral,Neutral,Neutral,Neutral,Neutral,Neutral,Neutral,Neutral,Neutral,Sell,Neutral
02-12-2020,Neutral,Neutral,Neutral,Neutral,Neutral,Neutral,Neutral,Neutral,Neutral,Neutral,Neutral,Neutral,Neutral,Neutral,Neutral,Neutral,Neutral,Neutral,Neutral,Neutral,Neutral,Neutral,Neutral,Neutral,Neutral,Neutral,Neutral,Neutral,Neutral,Neutral,Neutral,Neutral,Neutral,Neutral,Neutral,Neutral
02-11-2020,Neutral,Neutral,Neutral,Neutral,Neutral,Neutral,Neutral,Neutral,Neutral,Neutral,Neutral,Neutral,Neutral,Neutral,Neutral,Neutral,Neutral,Buy,Neutral,Neutral,Neutral,Neutral,Neutral,Neutral,Neutral,Neutral,Neutral,Neutral,Neutral,Neutral,Neutral,Neutral,Neutral,Neutral,Neutral,Neutral
